rank_in_year,title,year,genre,gross
1,Captain Marvel,2019,Action,323646033
2,How to Train Your Dragon: The Hidden World,2019,Adventure,147460290
3,Glass,2019,Thriller/Suspense,110861630
4,The Upside,2019,Comedy,106984792
5,The LEGO Movie 2: The Second Part,2019,Adventure,103762494
6,Us,2019,Thriller/Suspense,85106185
7,Alita: Battle Angel,2019,Action,83956461
8,Aquaman,2019,Action,74802530
9,Tyler Perry's A Madea Family Funeral,2019,Comedy,66688573
10,Spider-Man: Into The Spider-Verse 3D,2019,Adventure,55923345
11,Bumblebee,2019,Adventure,55769470
12,What Men Want,2019,Comedy,54085444
13,Green Book,2019,Comedy,48837730
14,Isn't it Romantic,2019,Romantic Comedy,47691683
15,A Dog's Way Home,2019,Drama,41952715
16,The Mule,2019,Drama,39084073
17,Escape Room,2019,Thriller/Suspense,38467985
18,Mary Poppins Returns,2019,Musical,33014229
19,Cold Pursuit,2019,Thriller/Suspense,31854994
20,Dragon Ball Super: Broly,2019,Action,30376755
21,Wonder Park,2019,Adventure,30049734
22,Five Feet Apart,2019,Drama,28145448
23,Happy Death Day 2U,2019,Thriller/Suspense,27892355
24,Bohemian Rhapsody,2019,Drama,26143592
25,Fighting With My Family,2019,Comedy,22028635
26,On the Basis of Sex,2019,Drama,20914838
27,The Favourite,2019,Black Comedy,18267686
28,Vice,2019,Black Comedy,18093238
29,The Kid Who Would Be King,2019,Adventure,16780002
30,Miss Bala,2019,Action,14998027
31,The Prodigy,2019,Horror,14827206
32,Ralph Breaks The Internet,2019,Adventure,13827567
33,A Star is Born,2019,Drama,13141994
34,They Shall Not Grow Old,2019,Documentary,11965907
35,If Beale Street Could Talk,2019,Drama,10477647
36,Greta,2019,Thriller/Suspense,10460680
37,Serenity,2019,Thriller/Suspense,8547045
38,No Manches Frida 2,2019,Comedy,6939206
39,Apollo 11,2019,Documentary,6857086
40,Second Act,2019,Comedy,6489861
41,Run the Race,2019,Drama,6196031
42,Free Solo,2019,Documentary,5996366
43,Captive State,2019,Thriller/Suspense,5582120
44,Stan & Ollie,2019,Drama,5157885
45,Zimna wojna,2019,Drama,4285825
46,Gully Boy,2019,Adventure,4216437
47,Uri: The Surgical Strike,2019,Action,4185663
48,Replicas,2019,Thriller/Suspense,4046429
49,2019 Oscar Shorts,2019,Multiple Genres,3530255
50,Creed II,2019,Drama,3267369
51,Mary Queen of Scots,2019,Drama,3043614
52,Fantastic Beasts: The Crimes of Grindelwald,2019,Adventure,2774042
53,Gloria Bell,2019,Drama,2750917
54,Todos lo saben,2019,Drama,2580695
55,Instant Family,2019,Comedy,2518231
56,Holmes & Watson,2019,Comedy,2254994
57,Arctic,2019,Drama,2251036
58,Total Dhamaal,2019,Comedy,2167632
59,Manbiki kazoku,2019,Drama,1624097
60,CafarnaÃºm,2019,Drama,1392421
61,The Kid,2019,Western,1376796
62,The Wife,2019,Drama,1373986
63,Badla,2019,Thriller/Suspense,1313740
64,Destroyer,2019,Thriller/Suspense,1285243
65,Can You Ever Forgive Me?,2019,Drama,1259896
66,Ben is Back,2019,Drama,1191342
67,Ek Ladki Ko Dekhah Toh Aisa Laga,2019,Romantic Comedy,1182636
68,Werk ohne Autor,2019,Thriller/Suspense,1076261
69,Perfectos desconocidos,2019,Comedy,1014507
70,Dr. Seuss' The Grinch,2019,Adventure,998820
71,Simmba,2019,Action,986339
72,JONI 75: A Birthday Celebration,2019,Concert/Performance,751119
73,Climax,2019,Drama,748937
74,BlacKkKlansman,2019,Thriller/Suspense,747775
75,Hai Phuong,2019,Action,578423
76,Bi Bei Shang Geng Bei Shang De Gu Shi,2019,Drama,503584
77,Widows,2019,Thriller/Suspense,498459
78,PÃ¡jaros de verano,2019,Drama,445926
79,Transit,2019,Drama,390078
80,The Mustang,2019,Drama,363780
81,CatVideoFest,2019,Oscilloscope Pict…,361730
82,Welcome to Marwen,2019,Drama,356895
83,The Wedding Guest,2019,Thriller/Suspense,328729
84,Cruel Intentions,2019,Drama,323323
85,Die Unsichtbaren,2019,Documentary,319929
86,At Eternity's Gate,2019,Drama,317975
87,Josh Groban Bridges from Madison Square Garden,2019,Concert/Performance,315173
88,Smallfoot,2019,Adventure,263482
89,Lords of Chaos,2019,Thriller/Suspense,252245
90,Canal Street,2019,Drama,251917
91,311: Enlarged to Show Detail 3,2019,Concert/Performance,238211
92,Kona fer Ã­ strÃ­Ã°,2019,Action,230660
93,The Aftermath,2019,Drama,210977
94,The Iron Orchard,2019,Drama,197991
95,Mortal Engines,2019,Action,183315
96,Robin Hood,2019,Action,179615
97,Ponokku tanpen gekijÃ´: Chiisa na eiyÃ»-Kani to tamago to tÃ´mei ningen,2019,Adventure,178027
98,To Dust,2019,Drama,173242
99,The Possession of Hannah Grace,2019,Horror,153478
100,Xiao zhu pei qi guo da nian,2019,Adventure,131225
101,The Last Resort,2019,Documentary,129947
102,The World Before Your Feet,2019,Documentary,122542
103,Who Will Write Our History,2019,Documentary,117447
104,The Hummingbird Project,2019,Drama,112532
105,"Faith, Hope & Love",2019,Romantic Comedy,103764
106,Beoning,2019,Thriller/Suspense,101279
107,"Ruben Brandt, a gyujto",2019,Drama,98844
108,Ging chaat goo si/Ging chaat goo si juk jaap,2019,Action,97181
109,Le Livre D'Image,2019,Drama,91924
110,Mirai no Mirai,2019,Adventure,90193
111,Hotel Mumbai,2019,Thriller/Suspense,88065
112,Sonchiriya,2019,Action,86765
113,Venom,2019,Action,82267
114,Deadpool 2,2019,Action,78961
115,The Old Man and the Gun,2019,Comedy,78577
116,Triple Threat,2019,Thriller/Suspense,73409
117,The Nutcracker and the Four Realms,2019,Adventure,73093
118,"Hale County This Morning, This Evening",2019,Documentary,69045
119,Las Herederas,2019,Drama,65053
120,Babylon,2019,Drama,57568
121,Yun Nan Chong Gu Yunnan Valley,2019,Action,50933
122,The Hate U Give,2019,Drama,50839
123,The Bounty Killer,2019,Western,48815
124,Styx,2019,Drama,47762
125,Voyna i mir,2019,Continental Distr…,46286
126,Unga Astrid,2019,Drama,43076
127,What is Democracy,2019,Documentary,40222
128,Saint Judy,2019,Drama,39275
129,Yardie,2019,Drama,35632
130,Maria by Callas,2019,Documentary,34017
131,Se Rokh,2019,Drama,33505
132,An Acceptable Loss,2019,Thriller/Suspense,32452
133,Horn From the Heart: The Paul Butterfield Story,2019,Documentary,30179
134,Anthropocene: The Human Epoch,2019,Documentary,28724
135,Ahlat Agaci,2019,Drama,27719
136,Donnybrook,2019,Drama,26284
137,Seuwingkizeu,2019,Drama,26244
138,Le Retour du HÃ©ros,2019,Drama,25004
139,La religieuse,2019,Drama,23972
140,Beautiful Boy,2019,Drama,23952
141,Le Semeur,2019,Drama,23255
142,Wrestle,2019,Documentary,23071
143,Hotel by the River,2019,Drama,22232
144,"Plaire, aimer et courir vite",2019,Drama,21440
145,The Hole in the Ground,2019,Horror,21072
146,The Gospel of Eureka,2019,Documentary,18717
147,Joseph Pulitzer: Voice of the People,2019,Documentary,16971
148,Piercing,2019,Horror,15856
149,NapszÃ¡llta,2019,Drama,13846
150,Touch Me Not,2019,Documentary,13782
151,Crazy Rich Asians,2019,Romantic Comedy,13586
152,Giant Little Ones,2019,Drama,13500
153,Virginia Minnesota,2019,Comedy,13374
154,Combat Obscura,2019,Documentary,12689
155,Un couteau dans le coeur,2019,Thriller/Suspense,11867
156,Out of Blue,2019,Drama,11719
157,A Private War,2019,Drama,10098
158,Studio 54,2019,Documentary,9355
159,Tyrel,2019,Drama,9314
160,The Aspern Papers,2019,Drama,9277
161,The House That Jack Built,2019,Thriller/Suspense,7213
162,The Eyes of Orson Welles,2019,Documentary,6999
163,Life & Nothing More,2019,Drama,6745
164,Under the Eiffel Tower,2019,Romantic Comedy,6291
165,Ferrante Fever,2019,Documentary,6145
166,The Charmer,2019,Thriller/Suspense,6118
167,"Monrovia, Indiana",2019,Documentary,5738
168,Off Season,2019,Thriller/Suspense,5688
169,Kinder des Kalifats,2019,Documentary,5643
170,Liyana,2019,Documentary,5591
171,Figlia mia,2019,Drama,5447
172,Wildlife,2019,Drama,5329
173,Ramen Teh,2019,Drama,5303
174,Tito e os PÃ¡ssaros,2019,Adventure,4332
175,Sicilian Ghost Story,2019,Drama,3935
176,"Frantz Fanon: Black Skin, White Mask",2019,Documentary,3827
177,Ce magnifique gÃ¢teau!,2019,GKIDS,3503
178,Un Traductor,2019,Drama,3278
179,Filmworker,2019,Documentary,3016
180,Der Himmel Ã¼ber Berlin,2019,Drama,3004
181,"Bedoune Tarikh, Bedoune Emza",2019,Drama,2567
182,Der Mann aus dem Eis,2019,Thriller/Suspense,2118
183,Salafists,2019,Documentary,1939
184,Detour,2019,Drama,1540
185,State Like Sleep,2019,Drama,1469
186,The Hours and Times,2019,Drama,1273
187,Narcissister Organ Player,2019,Documentary,1015
188,Chef Flynn,2019,Documentary,721
189,I am Not a Witch,2019,Drama,550
190,Divide and Conquer: The Story of Roger Ailes,2019,Documentary,474
1,Black Panther,2018,Action,700059566
2,Avengers: Infinity War,2018,Action,678815482
3,Incredibles 2,2018,Adventure,608581744
4,Jurassic World: Fallen Kingdom,2018,Action,417719760
8,Jumanji: Welcome to the Jungle,2018,Adventure,235506359
9,Mission: Impossible-Fallout,2018,Action,220159104
10,Ant-Man and the Wasp,2018,Action,216648740
11,Solo: A Star Wars Story,2018,Adventure,213767512
15,A Quiet Place,2018,Horror,188024361
18,Hotel Transylvania 3: Summer Vacation,2018,Adventure,167500092
19,Halloween,2018,Horror,159342015
21,The Meg,2018,Action,145443742
22,Ocean's 8,2018,Action,140218711
24,Ready Player One,2018,Adventure,137690172
26,The Greatest Showman,2018,Musical,125303456
27,Mamma Mia: Here We Go Again!,2018,Musical,120634935
28,The Nun,2018,Horror,117450119
29,Peter Rabbit,2018,Adventure,115234093
31,Star Wars Ep. VIII: The Last Jedi,2018,Adventure,102963014
32,The Equalizer 2,2018,Action,102084362
33,Rampage,2018,Action,101028233
34,A Wrinkle in Time,2018,Adventure,100478608
35,Fifty Shades Freed,2018,Drama,100407760
36,Christopher Robin,2018,Adventure,99215042
37,I Can Only Imagine,2018,Drama,83482352
39,The Post,2018,Drama,80143337
40,Night School,2018,Comedy,77339130
42,The First Purge,2018,Horror,69488745
43,Game Night,2018,Comedy,69179066
44,Book Club,2018,Comedy,68566296
45,The House with a Clock in its Walls,2018,Horror,68549695
46,Skyscraper,2018,Action,68420120
47,Insidious: The Last Key,2018,Horror,67745330
50,Blockers,2018,Comedy,60311495
51,Pacific Rim: Uprising,2018,Action,59874525
52,Tomb Raider,2018,Action,58250803
53,Maze Runner: The Death Cure,2018,Thriller/Suspense,58032443
55,Tag,2018,Comedy,54730625
56,A Simple Favor,2018,Thriller/Suspense,53548586
57,Life of the Party,2018,Comedy,53059911
58,The Predator,2018,Action,51024708
59,Overboard,2018,Romantic Comedy,50316123
60,Sicario: Day of the Soldado,2018,Action,50065850
61,I Feel Pretty,2018,Comedy,48795601
63,The Shape of Water,2018,Drama,48189258
64,Red Sparrow,2018,Thriller/Suspense,46874505
65,Breaking In,2018,Thriller/Suspense,46840590
66,Goosebumps 2: Haunted Halloween,2018,Horror,46697321
67,12 Strong,2018,Drama,45819713
68,Den of Thieves,2018,Action,44947622
69,First Man,2018,Drama,44936545
70,Hereditary,2018,Horror,44069456
71,Acrimony,2018,Thriller/Suspense,43549096
72,Sherlock Gnomes,2018,Adventure,43242871
73,Uncle Drew,2018,Comedy,42469946
75,Pitch Perfect 3,2018,Comedy,41596925
76,Truth or Dare,2018,Thriller/Suspense,41411015
77,Paddington 2,2018,Adventure,40891591
78,"Love, Simon",2018,Drama,40826341
79,Darkest Hour,2018,Drama,38310263
80,The Commuter,2018,Action,36343858
81,The 15:17 to Paris,2018,Drama,36276286
82,Mile 22,2018,Action,36108758
83,Alpha,2018,Adventure,35851379
84,Peppermint,2018,Action,35418723
86,Death Wish,2018,Action,34017028
87,The Spy Who Dumped Me,2018,Comedy,33562069
89,Annihilation,2018,Thriller/Suspense,32732301
90,Isle of Dogs,2018,Comedy,32015231
91,Nobody's Fool,2018,Drama,31713110
92,Adrift,2018,Drama,31445011
93,Ferdinand,2018,Adventure,30863663
95,Super Troopers 2,2018,Comedy,30617396
96,Slender Man,2018,Horror,30564825
97,"Three Billboards Outside Ebbing, Missouri",2018,Black Comedy,30349111
98,Coco,2018,Musical,29891816
99,Teen Titans Go! To The Movies,2018,Adventure,29790236
100,Hostiles,2018,Western,29733369
104,"I, Tonya",2018,Black Comedy,27663198
105,Searching,2018,Thriller/Suspense,26015149
106,Winchester,2018,Horror,25091816
107,The Strangers: Prey at Night,2018,Horror,24431472
108,White Boy Rick,2018,Drama,24004833
109,Molly's Game,2018,Drama,23403264
110,Won't You Be My Neighbor?,2018,Documentary,22835787
111,Overlord,2018,Action,21704844
112,The Fog,2018,Horror,21445318
113,Proud Mary,2018,Action,20868638
114,The Happytime Murders,2018,Black Comedy,20706452
115,Phantom Thread,2018,Drama,20670365
116,Superfly,2018,Action,20537137
118,Bad Times at the El Royale,2018,Thriller/Suspense,17839115
119,Show Dogs,2018,Comedy,17744685
120,Operation Finale,2018,Drama,17612099
121,"Paul, Apostle of Christ",2018,Drama,17547999
122,Lady Bird,2018,Drama,17525810
123,Sorry to Bother You,2018,Comedy,17493096
124,Chappaquiddick,2018,Thriller/Suspense,17395521
125,Forever My Girl,2018,Drama,16376066
128,Hunter Killer,2018,Thriller/Suspense,15767460
129,The Girl in the Spider's Web,2018,Thriller/Suspense,14828555
131,RBG,2018,Documentary,14017361
132,Eighth Grade,2018,Drama,13539710
134,Call Me by Your Name,2018,Drama,13158311
135,The Darkest Minds,2018,Thriller/Suspense,12695691
136,All the Money in the World,2018,Thriller/Suspense,12393945
137,Three Identical Strangers,2018,Documentary,12320845
138,Upgrade,2018,Thriller/Suspense,11977130
139,Padmavati,2018,Drama,11846060
142,Hell Fest,2018,Horror,11107431
143,Wonder,2018,Drama,10863515
145,The Miracle Season,2018,Drama,10230620
146,Midnight Sun,2018,Drama,9561064
147,Tully,2018,Comedy,9369755
148,Traffik,2018,Thriller/Suspense,9186156
149,Unfriended: Dark Web,2018,Horror,8866745
150,Early Man,2018,Adventure,8267544
152,The Death of Stalin,2018,Black Comedy,8041828
153,Sanju,2018,Drama,7909317
154,Unsane,2018,Thriller/Suspense,7690044
157,Mid90s,2018,Drama,7362439
158,Downsizing,2018,Comedy,7289080
159,Dog Days,2018,Romantic Comedy,6809080
160,Boy Erased,2018,Drama,6788692
161,Hotel Artemis,2018,Thriller/Suspense,6708137
162,A.X.L.,2018,Drama,6501381
163,Fahrenheit 11/9,2018,Documentary,6352306
164,Unbroken: Path to Redemption,2018,Drama,6216897
165,The Hurricane Heist,2018,Thriller/Suspense,6115824
166,Every Day,2018,Drama,6112914
167,Leave No Trace,2018,Drama,6046104
168,Death of a Nation,2018,Documentary,5885881
169,Pandas,2018,Documentary,5757906
170,God's Not Dead: A Light in Darkness,2018,Drama,5728940
171,Kin,2018,Action,5718096
173,Boku no Hero Academia the Movie,2018,Adventure,5427591
174,Colette,2018,Drama,5126985
175,Action Point,2018,Comedy,5059608
176,Beirut,2018,Action,5019226
177,Gringo,2018,Black Comedy,4969853
178,Samson,2018,Drama,4719928
179,Father Figures,2018,Comedy,4615957
180,Johnny English Strikes Again,2018,Comedy,4412170
182,Blindspotting,2018,Drama,4333394
183,Gotti,2018,Drama,4286367
184,Ya Veremos,2018,Drama,4165949
186,Life Itself,2018,Drama,4095431
187,Thor: Ragnarok,2018,Action,3833139
189,Gosnell: The Trial of America's Biggest Serial Killer,2018,Drama,3679893
190,Indivisible,2018,Drama,3511417
191,2018 Oscar Shorts,2018,Multiple Genres,3508777
192,Disobedience,2018,Drama,3480702
193,Justice League,2018,Action,3478000
194,First Reformed,2018,Thriller/Suspense,3448256
195,"Juliet, Naked",2018,Romantic Comedy,3444895
196,Bad Samaritan,2018,Thriller/Suspense,3424744
197,The Disaster Artist,2018,Comedy,3258821
198,2001: A Space Odyssey,2018,Adventure,3236321
199,The Leisure Seeker,2018,Drama,3224126
200,7 Days in Entebbe,2018,Thriller/Suspense,3189220
201,The Sisters Brothers,2018,Western,3143056
202,Thoroughbreds,2018,Drama,3072605
203,Sgt. Stubby: An American Hero,2018,Adventure,3054285
204,Whitney,2018,Documentary,3026558
205,American Animals,2018,Thriller/Suspense,2853526
206,God Bless the Broken Road,2018,Drama,2846258
207,La Boda de Valentina,2018,Romantic Comedy,2783739
208,Bharat Ane Nenu,2018,Thriller/Suspense,2663090
209,You Were Never Really Here,2018,Drama,2523610
211,Suspiria,2018,Horror,2483472
212,The Rider,2018,Drama,2418679
213,Meari to majo no hana,2018,Adventure,2418404
214,Hearts Beat Loud,2018,Drama,2386254
215,Papillon,2018,Drama,2335896
216,Daddy's Home 2,2018,Comedy,2238062
217,Murder on the Orient Express,2018,Drama,2206919
218,Puzzle,2018,Drama,2031242
219,Una mujer fantÃ¡stica,2018,Drama,2019554
220,Pope Francis-A Man of His Word,2018,Documentary,2008385
221,Assassination Nation,2018,Thriller/Suspense,2005142
222,The Front Runner,2018,Drama,1994179
223,Tang Ren Jie Tan An 2,2018,Action,1983984
225,Dunkirk,2018,Action,1695119
226,Race 3,2018,Action,1690861
227,Padman,2018,Comedy,1662927
230,The Bookshop,2018,Drama,1600786
231,Hong Hai Xing Dong,2018,Action,1543547
232,Thugs of Hindostan,2018,Action,1449848
233,"Don't Worry, He Won't Get Far on Foot",2018,Drama,1441705
234,Finding Your Feet,2018,Comedy,1418682
235,Little Women,2018,Drama,1379497
236,102 Not Out,2018,Comedy,1339909
237,Baaghi 2,2018,Action,1319579
238,Along With The Gods: The Two Worlds,2018,Action,1266947
239,McQueen,2018,Documentary,1257275
240,The Seagull,2018,Drama,1252960
241,The Hows of Us,2018,Drama,1246444
243,Mandy,2018,Thriller/Suspense,1214525
244,Beautifully Broken,2018,Drama,1209645
245,Singwa Hamgge: Ingwa Yeon,2018,Action,1200246
246,Andhadhun,2018,Multiple Genres,1193049
247,Lean on Pete,2018,Drama,1163056
248,The Dawn Wall,2018,Documentary,1037023
250,Raid,2018,Drama,1010385
251,L'insulte,2018,Drama,1000038
252,Yellow Submarine,2018,Musical,993385
253,Tiger Zinda Hai,2018,Action,988690
254,Film Stars Don't Die in Liverpool,2018,Drama,979074
255,The Miseducation of Cameron Post,2018,Drama,905111
256,Schindler's List,2018,Drama,895180
257,Kedarnath,2018,Drama,893582
258,The Star,2018,Adventure,884046
259,The Cakemaker,2018,Drama,874584
260,Nothing Like a Dame,2018,Documentary,867903
261,Un beau soleil intÃ©rieur,2018,Romantic Comedy,866714
262,Beast,2018,Drama,800365
263,Sui Dhaaga: Made in India,2018,Romantic Comedy,790628
264,GrÃ¤ns,2018,Thriller/Suspense,771930
265,1945,2018,Drama,762018
266,The Party,2018,Drama,749827
267,How Long Will I Love U,2018,Romantic Comedy,746933
268,On Chesil Beach,2018,Drama,745972
269,The Polar Express,2018,Adventure,731018
270,Vox Lux,2018,Musical,727119
271,Walk with me,2018,Documentary,726593
273,The Catcher Was A Spy,2018,Drama,714205
274,The Little Stranger,2018,Drama,713143
275,Zhuo yao ji 2,2018,Adventure,706153
276,Boundaries,2018,Drama,701828
277,Blaze,2018,Drama,699114
278,Nada a Perder,2018,Drama,679531
279,Yi Chu Hao Xi,2018,Comedy,670883
280,Bombshell: The Hedy Lamarr Story,2018,Documentary,664289
281,PÃ¢fekuto burÃ»,2018,"Aug 20, 1999",664129
282,Qian Ren 3: Yan Zhi Da Zuo Zhan,2018,Comedy,656871
283,Lizzie,2018,Drama,642157
284,"Love, Gilda",2018,Documentary,626318
285,Itzhak,2018,Documentary,618626
287,Foxtrot,2018,Drama,617972
288,The Florida Project,2018,Drama,607067
289,Marshall,2018,Drama,583341
290,Nelyubov,2018,Drama,564073
291,Get Out,2018,Horror,556525
292,Huang Qiang Zou Ban,2018,Comedy,551196
293,Anna and the Apocalypse,2018,Musical,545597
294,Pick of the Litter,2018,Documentary,536617
295,"Uchiage Hanabi, Shita Kara Miru ka? Yoko Kara Miru ka?",2018,Drama,525280
296,Beetlejuice,2018,Comedy,512947
297,Manmarziyaan,2018,Drama,506548
298,Monsters and Men,2018,Drama,500101
299,Gongjak,2018,Drama,497755
300,Bilal: A New Breed of Hero,2018,Adventure,490973
301,Ansisung,2018,Action,472166
302,Loving Vincent,2018,Drama,465429
303,The Happy Prince,2018,Drama,464495
304,Scotty and the Secret History of Hollywood,2018,Documentary,461689
305,Final Portrait,2018,Drama,460859
306,The Children Act,2018,Drama,457803
307,Condorito: La Pelicula,2018,Adventure,447719
308,Elf,2018,Adventure,442073
310,Un Sac De Billes,2018,Drama,409862
311,Hubble 3D,2018,Documentary,408663
312,Yoru Wa Mijikashi Aruke Yo Otome,2018,Romantic Comedy,406490
313,The Oath,2018,Black Comedy,401464
314,We The Animals,2018,Drama,400746
315,The Gospel According to Andre,2018,Documentary,400713
316,Leaning into the Wind,2018,Documentary,400530
317,Blade Runner 2049,2018,Thriller/Suspense,399647
318,Soorma,2018,Drama,382104
319,The Dark Knight,2018,Action,375589
320,Oh Lucy!,2018,Comedy,375393
321,Grace Jones: Bloodlight and Bami,2018,Documentary,375208
322,Dokjeon,2018,Thriller/Suspense,365639
323,Mountain,2018,Documentary,364429
324,Kusama: Infinity,2018,Documentary,360931
325,The Rocky Horror Picture Show,2018,Musical,360000
326,The Wizard of Oz,2018,Musical,351839
327,Visages villages,2018,Documentary,347796
328,Under the Sea 3D,2018,Documentary,333495
329,Shine,2018,Drama,333388
330,Flower,2018,Drama,328188
331,Fang Hua,2018,Drama,312241
332,Aus dem Nichts,2018,Drama,310556
333,Damsel,2018,Western,305136
334,Harry Potter and the Sorcerer's Stone,2018,Adventure,295917
335,Huang Jin Xiong Di,2018,Action,285795
336,But Deliver Us From Evil,2018,Horror,285169
337,The Square,2018,Drama,278921
338,Science Fair,2018,Documentary,278350
339,Kings,2018,Drama,274320
341,The Endless,2018,Thriller/Suspense,272020
342,Di Ren Jie Zhi Si Da Tian Wang,2018,Action,262963
343,The King,2018,Documentary,259291
344,What They Had,2018,Drama,257869
345,Le Vin et le Vent,2018,Drama,257610
346,London Fields,2018,Thriller/Suspense,252676
349,Harry Potter and the Chamber of Secrets,2018,Adventure,245501
350,Generation Wealth,2018,Documentary,237709
351,Skate Kitchen,2018,Drama,236799
352,Meditation Park,2018,Drama,235849
354,Borg vs McEnroe,2018,Drama,231346
355,Matangi/Maya/M.I.A.,2018,Documentary,230808
356,Happy End,2018,Drama,230054
357,Mutafukaz,2018,Adventure,229423
358,Island of Lemurs: Madagascar,2018,Documentary,224252
359,Jane,2018,Documentary,220790
360,Harry Potter and the Prisoner of Azkaban,2018,Adventure,218774
361,A Bad Moms Christmas,2018,Comedy,218671
362,Dark Money,2018,Documentary,217932
363,Getting Grace,2018,Comedy,217812
364,Dong Du Te Gong,2018,Comedy,208351
365,Den Skyldige,2018,Thriller/Suspense,207140
366,Keep The Change,2018,Romantic Comedy,202788
367,Gemini,2018,Thriller/Suspense,200340
368,Zama,2018,Action,200181
369,Gauguin - Voyage de Tahiti,2018,Drama,200140
370,Little Pink House,2018,Drama,199069
372,The Final Year,2018,Documentary,191900
374,Harry Potter and the Goblet of Fire,2018,Adventure,188716
375,Xi You Ji Nu Er Guo,2018,Action,187074
376,Owarani hito Miyazaki: Hayao,2018,Documentary,186944
377,Yao Ling Ling,2018,Comedy,186135
378,Estiu 1993,2018,Drama,185903
379,Madeline's Madeline,2018,Drama,185576
380,Jane and Emma,2018,Drama,184795
381,Born to be Wild 3D,2018,Documentary,184248
382,Karwaan,2018,Comedy,182009
383,Harry Potter and the Deathly Hallows: Part II,2018,Adventure,181938
384,"Ni Hao, Zhi Hua",2018,China Lion Film D…,179721
385,BuyBust,2018,Action,178471
386,Les Gardiennes,2018,Drama,177331
387,Always at the Carlyle,2018,Documentary,174251
389,Changgwol,2018,Horror,167937
390,L'amant double,2018,Drama,167093
391,Boom for Real: The Late Teenage Years of Jean-Michel Basquiat,2018,Documentary,166616
392,Only the Brave,2018,Drama,158763
393,Far From the Tree,2018,Documentary,156946
394,Batti Gul Meter Chalu,2018,Drama,153847
395,Bad Reputation,2018,Documentary,148568
396,Museo,2018,Drama,148505
397,Journey's End,2018,Drama,148275
398,Harry Potter and the Deathly Hallows: Part I,2018,Adventure,148263
399,The Great Buster,2018,Documentary,144199
401,Ghost Stories,2018,Horror,135095
402,Harry Potter and the Order of the Phoenix,2018,Adventure,132522
403,Eating Animals,2018,Documentary,130608
404,Harry Potter and the Half-Blood Prince,2018,Adventure,130081
405,Support The Girls,2018,Comedy,129124
406,Le Jeune Karl Marx,2018,Drama,125659
407,Geostorm,2018,Action,121378
409,Nan Ji Jue Lian,2018,Adventure,118352
410,Bisbee â17,2018,Documentary,117470
411,Ryuichi Sakamoto: Coda,2018,Documentary,117460
412,â85 The Greatest Team in Football History,2018,Documentary,115463
413,Gonjiam: Haunted Asylum,2018,Horror,115252
414,Bodied,2018,Comedy,113956
415,Love After Love,2018,Drama,113074
416,"Roman J. Israel, Esq.",2018,Drama,111438
417,Yoake tsugeru RÃ» no uta,2018,Adventure,110168
418,Hyeobsang,2018,Drama,109856
419,El Angel,2018,Drama,109608
420,Der Hauptmann,2018,Drama,109226
421,Deep Sea 3D,2018,Documentary,108865
422,Bar Bahar,2018,Drama,107977
423,"Love, Cecil",2018,Documentary,106057
424,Namaste England,2018,Romantic Comedy,104079
425,Joseon Myungtamjung: Heubhyeolgwimaui Bimil,2018,Comedy,104012
426,La douleur,2018,Drama,103770
427,Tian Qi Yu Bao,2018,Adventure,103053
428,Les FantÃ´mes d'IsmaÃ«l,2018,Thriller/Suspense,102510
429,Andrey Rublyov,2018,Drama,102023
430,Sungnan Hwangso,2018,Action,101417
431,The Man Who Invented Christmas,2018,Adventure,100351
432,All About Nina,2018,Drama,100335
434,Revenge,2018,Action,99197
435,Champion,2018,Drama,97470
436,Mary Shelley,2018,Drama,97321
437,Wonder Wheel,2018,Drama,96631
438,Laissez bronzer les cadavres,2018,Thriller/Suspense,93409
439,Reign of Judges: Title of Liberty,2018,Action,93224
440,The Breadwinner,2018,Drama,92074
441,L'empire de la perfection,2018,Documentary,90964
442,Running for Grace,2018,Drama,90782
443,Sandome no satsujin,2018,Thriller/Suspense,89315
444,The Price of Everything,2018,Documentary,87400
445,Nostalgia,2018,Drama,86301
446,Da Shi Xiong,2018,Multiple Genres,85624
447,Sweet Country,2018,Western,85556
448,Long Xia Xing Jing,2018,Action,85172
449,How to Talk to Girls at Parties,2018,Comedy,84809
450,Jusqu'Ã  la garde,2018,Drama,83882
451,La camÃ©ra de Claire,2018,Drama,83418
452,Le Redoutable,2018,Drama,82264
453,Bel Canto,2018,Drama,80134
454,Da Shi Jie,2018,Comedy,79326
455,En el SÃ©ptimo DÃ­a,2018,Drama,78270
457,93Queen,2018,Documentary,76056
458,The Riot Act,2018,Thriller/Suspense,75506
459,Tehran Taboo,2018,Drama,74758
460,Es war einmal in Deutschland...,2018,Drama,73730
461,El Ãºltimo Traje,2018,Drama,73548
462,"Nico, 1988",2018,Drama,73304
463,Helicopter Eela,2018,Drama,71971
464,Wastelander,2018,Action,70045
465,Parchi,2018,Comedy,69431
466,Tom of Finland,2018,Drama,69409
467,Outside In,2018,Drama,68492
468,Where Hands Touch,2018,Drama,67743
470,Undir trÃ©nu,2018,Black Comedy,67596
471,The Doctor From India,2018,Documentary,67136
472,Le Grand Mechant Renard et Autres Contes...,2018,Comedy,66854
473,3100: Run and Become,2018,Documentary,65524
474,Beuys,2018,Documentary,65410
475,My Friend Dahmer,2018,Drama,64972
476,Nancy,2018,Thriller/Suspense,64011
477,The Gardener,2018,Documentary,62734
479,Never Goin' Back,2018,Comedy,61271
480,Viper Club,2018,Drama,60607
481,Where is Kyra?,2018,Drama,59717
482,Bomb City,2018,Drama,59329
483,"Westwood: Punk, Icon, Activist",2018,Documentary,58799
484,Cynthia,2018,Black Comedy,58090
485,In Search of Greatness,2018,Documentary,58090
486,Woman Walks Ahead,2018,Western,57528
487,Ramen Heads,2018,Documentary,57346
488,Django,2018,Documentary,56556
489,Il grande silenzio,2018,Western,53074
490,Wanda,2018,Drama,52927
491,Sanpo Suru Shinryakusha,2018,Drama,52087
492,Garry Winogrand: All Things Are Photographable,2018,Documentary,51194
495,Black 47,2018,Drama,50037
496,The China Hustle,2018,Documentary,48650
497,Big Sonia,2018,Documentary,46704
498,Bigger,2018,Drama,46382
499,Hal,2018,Documentary,45889
500,Summer in the Forest,2018,Documentary,45542
2,Beauty and the Beast,2017,Musical,504014165
3,Wonder Woman,2017,Action,412563408
4,Guardians of the Galaxy Vol 2,2017,Action,389813101
5,Spider-Man: Homecoming,2017,Action,334201140
6,It,2017,Horror,327481748
8,Despicable Me 3,2017,Adventure,264624300
9,Logan,2017,Action,226277068
10,The Fate of the Furious,2017,Action,225764765
14,The Lego Batman Movie,2017,Adventure,175750384
16,The Boss Baby,2017,Adventure,175003033
17,Pirates of the Caribbean: Dead Men Tell No Tales,2017,Adventure,172558876
19,Kong: Skull Island,2017,Adventure,168052812
20,Hidden Figures,2017,Drama,167620331
21,Cars 3,2017,Adventure,152901115
22,War for the Planet of the Apes,2017,Action,146880162
23,Split,2017,Horror,138141585
24,Transformers: The Last Knight,2017,Action,130168683
26,La La Land,2017,Musical,116833190
27,Girls Trip,2017,Comedy,115108515
28,Fifty Shades Darker,2017,Drama,114434010
29,Baby Driver,2017,Thriller/Suspense,107825862
30,Rogue One: A Star Wars Story,2017,Adventure,107189617
31,Sing,2017,Adventure,103831225
32,Annabelle: Creation,2017,Horror,102092201
35,Kingsman: The Golden Circle,2017,Action,100227039
36,John Wick: Chapter Two,2017,Action,92029184
38,The Emoji Movie,2017,Adventure,86089513
39,Power Rangers,2017,Action,85364450
40,The Mummy,2017,Adventure,80101125
41,The Hitman's Bodyguard,2017,Action,75468583
42,Alien: Covenant,2017,Horror,74262031
43,Captain Underpants: The First Epic Movie,2017,Adventure,73921000
45,A Dog's Purpose,2017,Drama,64321890
47,The Lego Ninjago Movie,2017,Adventure,59281555
48,Baywatch,2017,Comedy,58060186
49,The Shack,2017,Drama,57386418
50,Happy Death Day,2017,Horror,55683845
52,Atomic Blonde,2017,Thriller/Suspense,51573925
53,American Made,2017,Thriller/Suspense,51342000
54,The Dark Tower,2017,Western,50701325
56,Tyler Perry's Boo 2! A Madea Halloween,2017,Comedy,47319572
57,Lion,2017,Drama,46435795
58,Snatched,2017,Comedy,45852178
59,The Great Wall,2017,Action,45157105
60,Smurfs: The Lost Village,2017,Adventure,45020282
61,Going in Style,2017,Comedy,45018541
62,All Eyez on Me,2017,Drama,44922302
63,xXx: Return of Xander Cage,2017,Action,44898413
64,Passengers,2017,Thriller/Suspense,44634490
65,47 Meters Down,2017,Horror,44307193
66,The Big Sick,2017,Romantic Comedy,42872467
67,Ghost in the Shell,2017,Action,40563557
68,Valerian and the City of a Thousand Planets,2017,Adventure,40479370
70,King Arthur: Legend of the Sword,2017,Adventure,39175066
71,Moana,2017,Musical,38710930
72,Jigsaw,2017,Horror,38052832
73,American Assassin,2017,Thriller/Suspense,36249674
74,The Foreigner,2017,Action,34393507
75,"Everything, Everything",2017,Drama,34121140
76,Wind River,2017,Thriller/Suspense,33800859
78,Monster Trucks,2017,Adventure,33370166
79,Fist Fight,2017,Comedy,32187017
80,How to Be a Latin Lover,2017,Comedy,32149404
82,Patriots Day,2017,Thriller/Suspense,31257572
83,Kidnap,2017,Thriller/Suspense,30718107
84,Underworld: Blood Wars,2017,Action,30353973
85,The Mountain Between Us,2017,Thriller/Suspense,30348555
86,Life,2017,Thriller/Suspense,30234022
87,Why Him?,2017,Comedy,29689870
88,The Nut Job 2: Nutty by Nature,2017,Adventure,28370522
89,Fences,2017,Drama,27939289
90,Rings,2017,Horror,27793018
91,Logan Lucky,2017,Comedy,27778642
92,Home Again,2017,Romantic Comedy,27020284
93,Resident Evil: The Final Chapter,2017,Action,26844692
94,The House,2017,Comedy,25584504
95,Gifted,2017,Drama,24801212
97,The Bye Bye Man,2017,Thriller/Suspense,22395806
98,Victoria and Abdul,2017,Drama,22233285
99,Rough Night,2017,Black Comedy,22105643
100,My Little Pony: The Movie,2017,Adventure,21885107
101,Ballerina,2017,Adventure,21858070
102,Sleepless,2017,Thriller/Suspense,20783704
103,Diary of a Wimpy Kid: The Long Haul,2017,Adventure,20738724
104,The Circle,2017,Thriller/Suspense,20497844
105,Manchester by the Sea,2017,Drama,19224674
106,Baahubali 2: The Conclusion,2017,Action,18985794
107,CHiPS,2017,Action,18600152
108,Assassin's Creed,2017,Action,18232781
112,mother!,2017,Thriller/Suspense,17800004
113,The Zookeeper's Wife,2017,Drama,17445186
114,The Glass Castle,2017,Drama,17273059
116,Flatliners,2017,Thriller/Suspense,16883115
117,Detroit,2017,Drama,16790139
119,Moonlight,2017,Drama,15245163
120,The Case for Christ,2017,Drama,14678714
121,Wish Upon,2017,Horror,14301505
122,It Comes at Night,2017,Horror,13985117
123,Born in China,2017,Documentary,13873211
124,Megan Leavey,2017,Drama,13406304
126,The Founder,2017,Drama,12786053
128,Battle of the Sexes,2017,Drama,12638526
129,Before I Fall,2017,Drama,12241072
130,Night of the Living Dead,2017,Horror,12087064
132,Unforgettable,2017,Thriller/Suspense,11368012
133,Fantastic Beasts and Where to Find Them,2017,Adventure,11362002
134,The Beguiled,2017,Western,10576669
135,Live by Night,2017,Drama,10283585
136,The Belko Experiment,2017,Horror,10166820
137,Thank You for Your Service,2017,Drama,9479390
139,Rock Dog,2017,Adventure,9420546
140,The Lost City of Z,2017,Action,8574339
141,Arrival,2017,Drama,8354449
142,The Promise,2017,Drama,8224288
143,A Cure for Wellness,2017,Thriller/Suspense,8106986
144,The Space Between Us,2017,Drama,7885294
145,Jackie,2017,Drama,7490669
146,Gold,2017,Drama,7227038
147,Let There Be Light,2017,Drama,7210068
148,I Am Not Your Negro,2017,Documentary,7123919
149,Beatriz at Dinner,2017,Drama,7115854
150,Birth of the Dragon,2017,Action,6901965
151,Silence,2017,Drama,6789497
152,Collateral Beauty,2017,Drama,6673543
153,The Snowman,2017,Thriller/Suspense,6670765
154,Same Kind of Different as Me,2017,Drama,6394006
156,Lowriders,2017,Drama,6179955
157,Maudie,2017,Drama,6170998
158,Just Getting Started,2017,Comedy,6036997
159,All Saints,2017,Drama,5802208
160,Suburbicon,2017,Black Comedy,5775178
161,Paris Can Wait,2017,Romantic Comedy,5608745
163,20th Century Women,2017,Drama,5486187
166,Kimi no na wa,2017,Drama,5000181
169,The Book of Henry,2017,Drama,4288104
170,Stronger,2017,Drama,4211129
171,The Hero,2017,Drama,4077333
172,Sleight,2017,Action,3930990
173,A United Kingdom,2017,Drama,3902185
174,Norman: The Moderate Rise and Tragic Fall of a New York Fixer,2017,Drama,3814868
175,Friend Request,2017,Thriller/Suspense,3759078
176,A Monster Calls,2017,Drama,3740823
177,Office Christmas Party,2017,Comedy,3630209
178,Table 19,2017,Comedy,3614896
179,Their Finest,2017,Romantic Comedy,3603484
180,Phoenix Forgotten,2017,Thriller/Suspense,3600146
181,Trolls,2017,Adventure,3576772
182,An Inconvenient Sequel,2017,Documentary,3496795
183,Til Death Do Us Part,2017,Thriller/Suspense,3424454
184,Colossal,2017,Drama,3194575
185,Dangal,2017,Action,3165967
186,Close Encounters of the Third Kind,2017,Adventure,3100479
187,Ingrid Goes West,2017,Black Comedy,3021133
188,2017 Oscar Shorts,2017,Multiple Genres,2835355
189,KEDi,2017,Documentary,2834262
190,Wolf Warrior 2,2017,Action,2721100
191,My Cousin Rachel,2017,Drama,2716368
192,Mayweather vs. McGregor,2017,Concert/Performance,2620183
193,Hacksaw Ridge,2017,Drama,2603050
194,A Question of Faith,2017,Drama,2587072
195,Is Genesis History?,2017,Documentary,2570355
196,Hazlo Como Hombre,2017,Comedy,2534252
197,Doctor Strange,2017,Action,2534130
198,LBJ,2017,Drama,2468683
199,Tulip Fever,2017,Drama,2455635
200,Forushande,2017,Drama,2402067
201,T2: Trainspotting,2017,Drama,2402004
202,Raees,2017,Action,2369469
204,The Resurrection of Gavin Stone,2017,Comedy,2303792
205,The Killing of a Sacred Deer,2017,Horror,2291900
206,Collide,2017,Action,2280004
207,Jeepers Creepers 3,2017,Horror,2235162
208,The Lovers,2017,Romantic Comedy,2194521
209,Un Padre No Tan Padre,2017,Comedy,2156047
210,Brad's Status,2017,Comedy,2133158
211,Paterson,2017,Comedy,2040598
212,Good Time,2017,Drama,2026498
213,Badrinath Ki Dulhania,2017,Comedy,1993259
214,Todos Queremos a Alguien,2017,Romantic Comedy,1915789
215,A Quiet Passion,2017,Drama,1865396
216,The Wall,2017,Thriller/Suspense,1803064
217,Free Fire,2017,Action,1799322
218,The Last Word,2017,Drama,1779620
220,Goodbye Christopher Robin,2017,Drama,1735251
221,Menashe,2017,Drama,1702996
222,Slamma Jamma,2017,Drama,1687000
223,The Comedian,2017,Comedy,1658706
224,Jolly LLB 2,2017,Black Comedy,1654254
225,The Little Hours,2017,Black Comedy,1647175
226,Terminator 2: Judgment Day,2017,Action,1605359
227,A Ghost Story,2017,Drama,1594798
228,Professor Marston & The Wonder Women,2017,Drama,1585362
230,The Stray,2017,Multiple Genres,1579440
231,Taeksi Woonjunsa,2017,Drama,1527829
233,Judwaa 2,2017,Action,1431255
234,Elle,2017,Drama,1423285
235,Laavor et hakir,2017,Action,1412404
236,Toni Erdmann,2017,Comedy,1382067
237,The Dinner,2017,Drama,1323312
239,Personal Shopper,2017,Thriller/Suspense,1305195
241,Julieta,2017,Drama,1286485
242,Jab Harry Met Sejal,2017,Romantic Comedy,1284740
243,Churchill,2017,Drama,1279681
244,The Sense of an Ending,2017,Drama,1274420
245,3 Idiotas,2017,Comedy,1249233
247,Ismach Hatani,2017,Comedy,1200885
248,The Trip to Spain,2017,Comedy,1157604
249,Step,2017,Documentary,1146292
250,Lady Macbeth,2017,Drama,1129408
251,Viceroy's House,2017,Drama,1105717
252,Gunhamdo,2017,Drama,1104957
253,The Eagle Huntress,2017,Documentary,1079051
254,Wonderstruck,2017,Drama,1033632
255,Columbus,2017,Drama,1017107
256,Golmaal Again,2017,Musical,1013893
257,Last Flag Flying,2017,Comedy,965481
258,Lucky,2017,Drama,955925
259,Landline,2017,Comedy,940854
260,Tubelight,2017,Adventure,930058
261,La Tortue Rouge,2017,Adventure,920057
262,Frantz,2017,Drama,880883
263,Xi You Fu Yao Pian,2017,Action,880346
265,Jagga Jasoos,2017,Adventure,861740
266,Patti Cake$,2017,Comedy,800148
267,Neruda,2017,Drama,798648
268,Mark Felt: The Man Who Brought Down the White House,2017,Thriller/Suspense,768646
269,Mubarakan,2017,Romantic Comedy,758868
270,May it Last: A Portrait of the Avett Brothers,2017,Documentary,725286
271,Toilet: Ek Prem Katha,2017,Comedy,709420
272,The Exception,2017,Drama,708972
273,Maurice,2017,Drama,702674
274,Titanic,2017,Thriller/Suspense,691642
275,Paris pieds nus,2017,Drama,691597
276,The Devotion of Suspect X,2017,Thriller/Suspense,686435
277,Wilson,2017,Comedy,653951
279,The Only Living Boy in New York,2017,Drama,624332
281,Sage femme,2017,Thriller/Suspense,603582
282,JÃ¬yÃ¬ dÃ shÄ«,2017,Thriller/Suspense,587470
283,Master,2017,Action,584298
284,Tommy's Honour,2017,Drama,569306
285,Novitiate,2017,Drama,567050
286,Bitter Harvest,2017,Drama,557241
287,Dolores,2017,Documentary,549671
288,Human Flow,2017,Documentary,527845
291,GekijÃ´ban Fairy Tail: Dragon Cry,2017,Action,519461
292,Brigsby Bear,2017,Comedy,515765
293,Raw,2017,Horror,514870
294,Shubh Mangal Saavdhan,2017,Romantic Comedy,511875
295,Inhumans,2017,Action,500000
296,Allied,2017,Drama,499123
297,Breathe,2017,Drama,489322
298,Once Upon a Time,2017,Drama,485728
300,Nocturnal Animals,2017,Thriller/Suspense,478100
301,Confidential Assignment,2017,Action,475618
302,Beach Rats,2017,Drama,471286
303,Cheng feng po lang,2017,Drama,469706
304,Phillauri,2017,Black Comedy,467596
305,Chasing the Dragon,2017,Action,456854
306,Song to Song,2017,Drama,443684
307,Under sandet,2017,Thriller/Suspense,434640
308,"Gentleman: Sundar, Susheel, Risky",2017,Action,410055
309,"Love, Kennedy",2017,Drama,407871
310,Chasing Trane: The John Coltrane Documentary,2017,Documentary,406284
311,The Accountant,2017,Thriller/Suspense,403349
313,Rebel in the Rye,2017,Drama,378294
314,Gong fu yu jia,2017,Action,362657
315,Ok Jaanu,2017,Drama,355922
316,Long Strange Trip: The Untold Story of the Grateful Dead,2017,Documentary,351957
317,Pearl Jam: Let's Play Two,2017,Concert/Performance,348832
318,This Is Not What I Expected,2017,Comedy,337670
319,Letters from Baghdad,2017,Documentary,336223
321,Chuck,2017,Action,322005
322,Citizen Jane: Battle for the City,2017,Documentary,313411
323,Obit,2017,Documentary,312777
324,Feng Ren Ji Yue Dui,2017,Musical,312537
325,Ma vie de Courgette,2017,Adventure,309768
327,God's Own Country,2017,Drama,305219
328,Ittefaq,2017,Thriller/Suspense,298032
329,Miss Peregrine's Home for Peculiar Children,2017,Adventure,297697
330,Buddies in India,2017,Action,292662
331,I Doâ¦Until I Don't,2017,Comedy,276608
332,Umi yori mo mada fukaku,2017,Drama,272132
333,Stalker,2017,Drama,268101
334,Storks,2017,Adventure,264428
335,Wakefield,2017,Drama,262599
336,"I, Daniel Blake",2017,Drama,260354
337,CÃ©zanne Et Moi,2017,Drama,257597
338,Dean,2017,Comedy,254536
339,Gook,2017,Drama,250130
340,Band Aid,2017,Comedy,248370
342,The Swindlers,2017,Thriller/Suspense,241916
343,The Ottoman Lieutenant,2017,Drama,240978
344,Crown Heights,2017,Drama,238553
345,Jeremiah Tower: The Last Magnificent,2017,Documentary,228153
346,Loving,2017,Drama,227626
347,American Satan,2017,Thriller/Suspense,226232
348,Rumble: The Indians who Rocked the World,2017,Documentary,225177
350,Railroad Tigers,2017,Action,218044
351,All I See is You,2017,Thriller/Suspense,217644
352,The Adventurers,2017,Thriller/Suspense,216556
353,Truman,2017,Comedy,210840
354,Donnie Darko,2017,Drama,209484
355,The Prison,2017,Action,207481
356,California Typewriter,2017,Documentary,200379
357,Risk,2017,Documentary,200219
358,Spark: A Space Tail,2017,Adventure,196458
359,One Piece Film: Gold,2017,Action,190859
360,Whose Streets?,2017,Documentary,182799
362,The Bad Batch,2017,Horror,180851
363,Marjorie Prime,2017,Multiple Genres,180608
365,Past Life,2017,Thriller/Suspense,180099
366,Take Every Wave: The Life of Laird Hamilton,2017,Documentary,176160
367,Bacalaureat,2017,Drama,175975
369,Mr. Gaga,2017,Documentary,173994
370,9/11,2017,Drama,172000
371,David Lynch: The Art Life,2017,Documentary,171419
372,Valley of Bones,2017,Western,166552
373,Polina danser sa vie,2017,Drama,165203
374,The Journey,2017,Drama,164994
375,Manifesto,2017,Drama,161101
377,Three Generations,2017,Drama,155936
378,Elser,2017,Drama,155897
379,Ex Libris: The New York Public Library,2017,Documentary,151356
380,The Void,2017,Horror,151042
381,La Fille Inconnue,2017,Drama,150579
382,Mugen no jÃ»nin,2017,Action,150532
383,Restless Creature: Wendy Whelan,2017,Documentary,147780
384,The Last Dalai Lama?,2017,Documentary,145513
385,Chavela,2017,Documentary,143454
386,En man som heter Ove,2017,Comedy,143309
387,Toivon Tuolla Puolen,2017,Comedy,140581
388,L'avenir,2017,Drama,140332
389,Namhansanseong,2017,Drama,138486
390,"Hare Krishna! The Mantra, The Movement and the Swami Who Started it all",2017,Documentary,133006
391,Dawson City: Frozen Time,2017,Documentary,132369
392,Thelma,2017,Drama,132011
393,Moka,2017,Drama,129547
394,City of Ghosts,2017,Documentary,128015
395,Maria Sklodowska Curie,2017,Drama,127993
396,A Ga ssi,2017,Drama,126503
397,The B-Side,2017,Documentary,125227
398,Qi Man Dun Jia,2017,Action,124187
399,Buena Vista Social Club-Adios,2017,Documentary,123445
400,Jack Reacher: Never Go Back,2017,Action,122561
401,Inferno,2017,Thriller/Suspense,121923
402,Yin Bao Zhe,2017,Action,118384
404,"We Love You, Sally Carmichael",2017,Romantic Comedy,113435
405,Abacus: Small Enough to Jail,2017,Documentary,113279
406,Kongens Nei,2017,Drama,113231
407,Ma Loute,2017,Comedy,112481
408,MÃ­ng YuÃ¨ JÇ ShÃ­ YÇu,2017,Drama,111584
409,Terkel i knibe,2017,Adventure,110543
410,Ni Shi Ying Jiu,2017,Action,108970
411,La Pazza Gioia,2017,Comedy,107362
412,Walking Out,2017,Thriller/Suspense,102394
413,CÃ³rki dancingu,2017,Drama,101657
414,Tim Timmerman: Hope of America,2017,Comedy,97787
415,I Called Him Morgan,2017,Documentary,97711
416,Poster Boys,2017,Comedy,97049
417,Special Citizen,2017,Drama,96777
418,Aida's Secrets,2017,Documentary,95386
419,Keep Watching,2017,Thriller/Suspense,94178
420,Miekkailija,2017,Drama,94157
421,Sully,2017,Drama,93698
422,120 battements par minute,2017,Drama,92627
423,Memoir of a Murderer,2017,Thriller/Suspense,91335
424,The King's Case Note,2017,Comedy,90899
425,Dina,2017,Documentary,90491
426,Because of GrÃ¡cia,2017,Drama,90388
428,Daeripgun,2017,Drama,84532
429,Chapter & Verse,2017,Drama,84147
430,Earth: One Amazing Day,2017,Documentary,81345
431,The Nile Hilton Incident,2017,Thriller/Suspense,80953
432,Umi ga kikoeru,2017,Drama,78648
433,Stefan Zweig: Farewell to Europe,2017,Drama,78373
434,Pop Aye,2017,Drama,77895
435,Te Ata,2017,Drama,73236
436,Buster's Mal Heart,2017,Thriller/Suspense,73121
437,Turn it Around: The Story of East Bay Punk,2017,Documentary,69787
438,Bill Nye: Science Guy,2017,Documentary,69258
439,My Entire High School Sinking Into the Sea,2017,Adventure,68883
440,Alive and Kicking,2017,Documentary,68485
441,The Love Witch,2017,Comedy,68147
442,To the Arctic 3D,2017,Documentary,68031
443,Architects of Denial,2017,Documentary,65424
444,Munna Michael,2017,Action,64949
445,UÄitelka,2017,Drama,64437
447,The Tiger Hunter,2017,Comedy,62398
448,Almost Christmas,2017,Drama,62380
449,Tragedy Girls,2017,Comedy,61899
450,Donald Cried,2017,Comedy,61406
451,Enas Allos Kosmos,2017,Drama,60298
452,Manolo: The Boy Who Made Shoes for Lizards,2017,Documentary,60056
453,Bang! The Bert Berns Story,2017,Documentary,59300
454,The Force,2017,Documentary,58154
455,Il Boom,2017,Comedy,57308
456,Bad Santa 2,2017,Comedy,56403
457,Fuocoammare,2017,Documentary,54514
458,God of War,2017,Action,53496
459,The Paris Opera,2017,Documentary,52716
460,Die gÃ¶ttliche Ordnung,2017,Drama,52480
461,Voyage Ã  Travers le CinÃ©ma FranÃ§ais,2017,Documentary,52058
462,Le tout nouveau testament,2017,Comedy,51982
463,Mei Hao De Yi Wai,2017,Drama,51766
464,O OrnitÃ³logo,2017,Drama,50511
465,Keep Quiet,2017,Documentary,50454
466,Mal de Pierres,2017,Drama,48677
467,Person to Person,2017,Drama,48499
468,Hirune-hime: Shiranai watashi no monogatari,2017,Drama,48198
469,Window Horses,2017,Adventure,48105
470,Saving Banksy,2017,Documentary,47965
471,Tanpopo,2017,Comedy,46784
472,So B. It,2017,Drama,46006
474,La Mort de Louis XIV,2017,Drama,43635
475,Demain,2017,Documentary,43471
476,Haebing,2017,Drama,43144
477,Hermia & Helena,2017,Comedy,43132
478,Woodshock,2017,Drama,42469
479,Some Like It Hot,2017,Romantic Comedy,42230
480,Shavua ve Yom,2017,Drama,41614
481,Panique,2017,Drama,41569
482,Les Saisons,2017,Documentary,40337
483,Unrest,2017,Documentary,40081
484,Kollektivet,2017,Drama,38737
485,I am the Blues,2017,Documentary,37849
486,78/52: Hitchcock's Shower Scene,2017,Documentary,37664
487,Une Vie,2017,Drama,37626
488,In Loco Parentis,2017,Documentary,37381
489,"A Woman, A Part",2017,Drama,36838
490,Growing up Smith,2017,Comedy,35312
491,Sophie and the Rising Sun,2017,Drama,34630
492,Rat Film,2017,Documentary,33568
493,Powidoki,2017,Drama,33443
494,Love & Taxes,2017,Romantic Comedy,33150
495,Alone in Berlin,2017,Drama,33125
496,Super Dark Times,2017,Thriller/Suspense,33109
497,Sidemen: Long Road to Glory,2017,Documentary,31399
498,7 Witches,2017,Horror,31100
499,Le Trou,2017,Thriller/Suspense,30973
500,XX,2017,Horror,30911
1,Finding Dory,2016,Adventure,486295561
3,Captain America: Civil War,2016,Action,408084349
4,The Secret Life of Pets,2016,Adventure,368384330
5,The Jungle Book,2016,Adventure,364001123
6,Deadpool,2016,Action,363070709
7,Zootopia,2016,Adventure,341268248
8,Batman v Superman: Dawn of Justice,2016,Action,330360194
9,Suicide Squad,2016,Action,325100054
13,Star Wars Ep. VII: The Force Awakens,2016,Adventure,194453283
14,The Revenant,2016,Adventure,182765375
16,Jason Bourne,2016,Action,162192920
17,Star Trek Beyond,2016,Adventure,158848340
18,X-Men: Apocalypse,2016,Action,155442489
20,Kung Fu Panda 3,2016,Adventure,143528619
21,Ghostbusters,2016,Comedy,128350574
22,Central Intelligence,2016,Comedy,127440871
23,The Legend of Tarzan,2016,Adventure,126643061
25,Bad Moms,2016,Comedy,113257297
26,The Angry Birds Movie,2016,Adventure,107509366
27,Independence Day: Resurgence,2016,Action,103144286
28,The Conjuring 2: The Enfield Poltergeist,2016,Horror,102470008
29,Sausage Party,2016,Comedy,97670358
30,The Magnificent Seven,2016,Western,93420253
32,Ride Along 2,2016,Comedy,90862685
33,Don't Breathe,2016,Horror,89217875
36,Teenage Mutant Ninja Turtles: Out of the Shadows,2016,Adventure,82051601
37,The Purge: Election Year,2016,Horror,79042440
38,Alice Through the Looking Glass,2016,Adventure,77042381
39,Pete's Dragon,2016,Adventure,76233151
40,The Girl on the Train,2016,Thriller/Suspense,75395035
41,Tyler Perry's Boo! A Madea Halloween,2016,Comedy,73206343
43,10 Cloverfield Lane,2016,Thriller/Suspense,72082999
44,Lights Out,2016,Horror,67268835
45,The Divergent Series: Allegiant,2016,Action,66184051
46,Now You See Me 2,2016,Thriller/Suspense,65075540
48,Ice Age: Collision Course,2016,Adventure,64063008
49,The Boss,2016,Comedy,63077560
50,London Has Fallen,2016,Action,62524260
51,Miracles from Heaven,2016,Drama,61705123
52,Deepwater Horizon,2016,Drama,61433527
53,My Big Fat Greek Wedding 2,2016,Comedy,59689605
55,Daddy's Home,2016,Comedy,56467276
56,Me Before You,2016,Drama,56245075
57,The BFG,2016,Adventure,55483770
59,Neighbors 2: Sorority Rising,2016,Comedy,55340730
60,The Shallows,2016,Drama,55121623
61,Barbershop: The Next Cut,2016,Comedy,54030051
62,13 Hours: The Secret Soldiers of Benghazi,2016,Drama,52853219
64,Kubo and the Two Strings,2016,Adventure,48023088
65,The Huntsman: Winter's War,2016,Action,48003015
66,Warcraft,2016,Action,47225655
67,How to be Single,2016,Romantic Comedy,46843513
68,Mike and Dave Need Wedding Dates,2016,Comedy,46009673
69,War Dogs,2016,Comedy,43034523
71,Money Monster,2016,Thriller/Suspense,41012075
73,Nerve,2016,Thriller/Suspense,38583626
74,Sisters,2016,Comedy,37921265
75,The Big Short,2016,Drama,37204389
76,Risen,2016,Drama,36880033
78,The Nice Guys,2016,Black Comedy,36261763
79,The Boy,2016,Horror,35819556
80,Dirty Grandpa,2016,Comedy,35593113
81,Ouija: Origin of Evil,2016,Horror,35144505
82,The 5th Wave,2016,Action,34912982
85,Mother's Day,2016,Romantic Comedy,32492859
86,Gods of Egypt,2016,Adventure,31153464
88,Alvin and the Chipmunks: The Road Chip,2016,Adventure,30311560
89,"Hail, Caesar!",2016,Comedy,30080225
90,When the Bough Breaks,2016,Thriller/Suspense,29747603
92,Zoolander 2,2016,Comedy,28848693
94,Joy,2016,Drama,28141138
95,The Finest Hours,2016,Thriller/Suspense,27569558
96,Florence Foster Jenkins,2016,Drama,27383770
97,Hell or High Water,2016,Western,27007844
98,The Forest,2016,Thriller/Suspense,26594261
99,Ben-Hur,2016,Drama,26410477
100,The Witch,2016,Horror,25138705
101,The Hateful Eight,2016,Western,25071561
103,Bridget Jones's Baby,2016,Romantic Comedy,24139805
104,Kevin Hart: What Now?,2016,Concert/Performance,23591043
105,Whiskey Tango Foxtrot,2016,Comedy,23083334
106,Snowden,2016,Drama,21587519
107,Mechanic: Resurrection,2016,Action,21218403
108,Free State of Jones,2016,Drama,20810036
109,Blair Witch,2016,Horror,20777061
110,God's Not Dead 2,2016,Drama,20773069
111,Keanu,2016,Comedy,20591853
112,Middle School: The Worst Years of My Life,2016,Adventure,20007149
113,Nine Lives,2016,Adventure,19700032
114,Race,2016,Drama,19115191
115,Brooklyn,2016,Drama,18758748
116,The Choice,2016,Drama,18730891
117,Eye in the Sky,2016,Thriller/Suspense,18704596
118,Spotlight,2016,Drama,17946804
120,Masterminds,2016,Comedy,17356894
121,Concussion,2016,Drama,17111463
122,Norm of the North,2016,Adventure,17062499
123,The Birth of a Nation,2016,Drama,15861566
124,Eddie the Eagle,2016,Drama,15789389
125,The Infiltrator,2016,Thriller/Suspense,15436808
126,Keeping Up with the Joneses,2016,Comedy,14904426
127,Criminal,2016,Action,14708696
128,"Hello, My Name is Doris",2016,Drama,14444999
129,The Edge of Seventeen,2016,Drama,14406786
130,Love & Friendship,2016,Drama,14016568
131,Point Break,2016,Action,13197946
132,Hillary's America: The Secret History of the Democratic Party,2016,Documentary,13099931
133,Triple 9,2016,Thriller/Suspense,12639297
135,The Light Between Oceans,2016,Drama,12545979
136,Fifty Shades of Black,2016,Comedy,11686940
137,No Manches Frida,2016,Comedy,11528613
138,CafÃ© Society,2016,Drama,11103205
139,Pride and Prejudice and Zombies,2016,Black Comedy,10907291
140,The Darkness,2016,Horror,10753574
141,Creed,2016,Drama,10382416
143,The Lady in the Van,2016,Drama,10021175
144,Room,2016,Drama,9700702
145,The Perfect Match,2016,Romantic Comedy,9669521
146,Popstar: Never Stop Never Stopping,2016,Comedy,9496130
147,Hardcore Henry,2016,Action,9252038
149,The Lobster,2016,Romantic Comedy,9196278
150,Meet the Blacks,2016,Comedy,9097072
151,Queen of Katwe,2016,Drama,8857311
152,Ratchet and Clank,2016,Adventure,8813410
153,The Good Dinosaur,2016,Adventure,8320188
154,Robinson Crusoe,2016,Adventure,8005586
155,A Beautiful Planet,2016,Documentary,7895708
156,Carol,2016,Drama,7729016
157,The Hunger Games: Mockingjay - Part 2,2016,Thriller/Suspense,7538507
159,Shut In,2016,Thriller/Suspense,6897838
160,The Brothers Grimsby,2016,Comedy,6864016
161,The Young Messiah,2016,Drama,6469813
163,Southside with You,2016,Drama,6304223
164,Captain Fantastic,2016,Drama,5879835
165,Sultan,2016,Action,5599781
167,Hunt for the Wilderpeople,2016,Comedy,5205471
168,Bleed for This,2016,Drama,5083906
169,The Danish Girl,2016,Drama,5063669
170,The Wanderers,2016,Drama,5017811
171,Incarnate,2016,Thriller/Suspense,4799774
172,Absolutely Fabulous: The Movie,2016,Comedy,4772155
173,Hands of Stone,2016,Drama,4712792
174,Don't Think Twice,2016,Comedy,4417983
175,The Meddler,2016,Comedy,4267219
176,Ae Dil Hai Mushkil,2016,Drama,4264983
177,A Hologram for the King,2016,Drama,4212494
178,Swiss Army Man,2016,Drama,4210454
179,Denial,2016,Drama,4073448
180,45 Years,2016,Drama,4021334
181,Morgan,2016,Thriller/Suspense,3915251
182,Kabali,2016,Action,3903095
183,The Man Who Knew Infinity,2016,Drama,3877922
184,Where to Invade Next,2016,Documentary,3827261
185,Max Steel,2016,Action,3818664
186,Batman: The Killing Joke,2016,Action,3775000
187,Midnight Special,2016,Drama,3712282
188,Rules Don't Apply,2016,Romantic Comedy,3652206
189,Anomalisa,2016,Adventure,3548654
190,Miss Sloane,2016,Drama,3493636
191,Indignation,2016,Drama,3401155
192,Everybody Wants Some,2016,Comedy,3400278
193,Maggie's Plan,2016,Comedy,3351735
195,Sing Street,2016,Musical,3237118
196,Mei Ren Yu,2016,Romantic Comedy,3229457
197,Green Room,2016,Horror,3220371
198,Our Kind of Traitor,2016,Thriller/Suspense,3153157
199,Compadres,2016,Comedy,3127773
200,The Martian,2016,Thriller/Suspense,3088310
201,The Other Side of the Door,2016,Horror,3000342
202,Spectre,2016,Action,2971590
203,Anthropoid,2016,Thriller/Suspense,2963630
204,The Beatles: Eight Days a Week,2016,Documentary,2919918
205,2016 Oscar Shorts,2016,Multiple Genres,2816816
206,Yip Man 3,2016,Action,2679437
207,Miles Ahead,2016,Drama,2610896
208,Kapoor & Sons,2016,Comedy,2607036
209,The Disappointments Room,2016,Horror,2423467
210,Hillsong: Let Hope Rise,2016,Documentary,2394725
211,Dear Zindagi,2016,Drama,2376479
212,A Aa,2016,Romantic Comedy,2313043
213,Busanhaeng,2016,Horror,2125786
215,I'm Not Ashamed,2016,Drama,2082980
216,A Bigger Splash,2016,Drama,2024099
217,The Dressmaker,2016,Drama,2022115
218,Desierto,2016,Thriller/Suspense,2002036
219,Greater,2016,Drama,2000093
221,Demolition,2016,Drama,1978592
222,In the Heart of the Sea,2016,Adventure,1957373
223,The Peanuts Movie,2016,Adventure,1942827
224,Shin Godjira,2016,Action,1908028
226,Purple Rain,2016,Drama,1868075
227,M.S. Dhoni: The Untold Story,2016,Drama,1801550
228,The Met: Live in HD - Manon Lescaut,2016,Concert/Performance,1770000
229,Busco Novio Para Mi Mujer,2016,Romantic Comedy,1741889
230,Billy Lynn's Long Halftime Walk,2016,Drama,1738477
231,The Harry Potter IMAX Marathon,2016,Adventure,1729226
232,Bridge of Spies,2016,Thriller/Suspense,1703601
233,The Met: Live in HD - Madama Butterfly,2016,Concert/Performance,1700900
234,Fan,2016,Thriller/Suspense,1689879
235,Weiner,2016,Documentary,1675196
236,I Saw the Light,2016,Drama,1646788
237,Saul fia,2016,Drama,1618509
238,Equity,2016,Drama,1605463
239,Neerja,2016,Drama,1585687
240,Jane Got a Gun,2016,Western,1513793
241,Priceless,2016,Drama,1499605
242,Youth,2016,Drama,1405917
243,Genius,2016,Drama,1361045
244,The Neon Demon,2016,Horror,1333124
245,El abrazo de la serpiente,2016,Drama,1329249
246,Housefull 3,2016,Romantic Comedy,1326999
247,The Little Prince,2016,Adventure,1311213
248,Mohenjo Daro,2016,Action,1264339
249,Krampus,2016,Black Comedy,1259765
250,Hotel Transylvania 2,2016,Adventure,1229092
251,Lazer Team,2016,Comedy,1186426
252,The Music of Strangers: Yo-Yo Ma and the Silk Road Ensemble,2016,Documentary,1169214
253,Vaxxed: From Cover Up to Catastrophe,2016,Documentary,1163265
254,Dough,2016,Comedy,1148304
255,Papa: Hemingway in Cuba,2016,Drama,1115615
256,Certain Women,2016,Drama,1068054
257,Les Innocentes,2016,Drama,1065665
258,Elvis & Nixon,2016,Drama,1055284
259,Operation Chromite,2016,Action,1022720
260,The Hollars,2016,Drama,1016985
261,Baar Baar Dekho,2016,Drama,981947
262,Dark Horse,2016,Documentary,940715
263,Goosebumps,2016,Horror,936590
266,Gentleman,2016,Thriller/Suspense,897876
267,Believe,2016,Drama,889328
268,Rustom,2016,Drama,880000
269,Ki & Ka,2016,Comedy,857986
270,Trumbo,2016,Drama,842513
271,Premam,2016,Comedy,825602
272,Dishoom,2016,Action,812737
273,Operation Mekong,2016,Action,800012
274,Goksung,2016,Thriller/Suspense,786633
275,31,2016,Horror,779820
276,Chongqing Hot Pot,2016,Comedy,776649
278,Born to Be Blue,2016,Drama,755153
279,Saturday's Warrior,2016,Musical,744046
280,I Belonged to You,2016,Romantic Comedy,743507
281,Xi You Ji zhi Sun Wu Kong San Da Bai Gu Jing,2016,Action,709982
282,Bajirao Mastani,2016,Drama,708076
283,Little Men,2016,Drama,702537
284,Chaar Sahibzaade 2: Rise of Banda Singh Bahadur,2016,Adventure,700723
285,Mr. Church,2016,Drama,685780
286,American Honey,2016,Drama,663247
287,Mustang,2016,Drama,659328
289,El JeremÃ­as,2016,Comedy,647701
291,The Bronze,2016,Black Comedy,615816
292,Tickled,2016,Documentary,613956
293,City of Gold,2016,Documentary,608799
294,"Lo And Behold, Reveries Of The Connected World",2016,Documentary,594912
295,Wazir,2016,Thriller/Suspense,586028
296,Gleason,2016,Documentary,585233
297,Range 15,2016,Comedy,575258
298,A Tale of Love and Darkness,2016,Drama,572212
299,Tunnel,2016,Action,568876
300,Knight of Cups,2016,Drama,566006
301,Cold War 2,2016,Action,560824
302,Harry & Snowman,2016,Documentary,552614
303,American Pastoral,2016,Drama,544098
304,The Age of Shadows,2016,Action,540268
305,Fitoor,2016,Drama,528799
306,The First Monday in May,2016,Documentary,527474
307,Willy Wonka & the Chocolate Factory,2016,"Jun 30, 1971",526633
308,Unsullied,2016,Thriller/Suspense,510957
309,Marguerite,2016,Drama,497323
310,Bakemono no ko,2016,Adventure,490643
311,Wiener-Dog,2016,Comedy,470575
312,Umimachi Diary,2016,Drama,467555
313,Leokki,2016,Comedy,466505
314,Galapagos,2016,Documentary,463537
315,Tang ren jie tan an,2016,Action,459832
316,Gimme Danger,2016,Documentary,440627
317,Himalaya,2016,Adventure,439816
318,Omohide poro poro,2016,Drama,438271
319,Baaghi,2016,Romantic Comedy,438207
320,I Am not Madame Bovary,2016,Drama,435926
321,Mad Max: Fury Road,2016,Action,421986
322,Voiceless,2016,Drama,419952
323,Embrace,2016,Documentary,412340
324,Luomandike xiaowang shi,2016,Thriller/Suspense,367278
325,Mr. Donkey,2016,Comedy,356255
326,Eat That Question: Frank Zappa in His Own Words,2016,Documentary,355074
327,Happy Bhaag Jayegi,2016,Romantic Comedy,351840
328,Kahaani 2,2016,Thriller/Suspense,350703
329,High-Rise,2016,Thriller/Suspense,346472
330,Lao pao er,2016,Action,343990
332,Te3n,2016,Thriller/Suspense,331507
333,Kaashmora,2016,Action,327929
334,The Bounce Back,2016,Romantic Comedy,321910
335,AmeriGeddon,2016,Action,316554
337,Francofonia,2016,Drama,307040
338,Mia madre,2016,Drama,303002
339,Christine,2016,Drama,297530
340,Avril et le monde truquÃ©,2016,Adventure,295488
341,Ixcanul,2016,Drama,295157
342,Der Staat gegen Fritz Bauer,2016,Drama,288434
343,Aquarius,2016,Drama,285930
344,Final Fantasy XV: Kingsglaive,2016,Adventure,269980
345,Trois souvenirs de ma jeunesse,2016,Comedy,269144
347,The Family Fang,2016,Comedy,262921
348,Mimimalism: A Documentary About the Important Things,2016,Documentary,261865
349,"Life, Animated",2016,Documentary,254738
350,Dheepan,2016,Drama,248795
352,Oasis: Supersonic,2016,Documentary,242867
353,The Invitation,2016,Thriller/Suspense,231738
354,Jimmy Vestvood: Amerikan Hero,2016,Comedy,230069
355,Sarusuberi: Miss Hokusai,2016,Drama,222670
356,Spirit of the Game,2016,Drama,222565
357,Naam Hai Akira,2016,Thriller/Suspense,219401
359,Ho Mann Jahaan,2016,Musical,208611
360,Southbound,2016,Horror,205048
361,Macbeth,2016,Drama,204194
362,Kaptaan,2016,Drama,203790
364,El Clan,2016,Drama,201227
365,White Girl,2016,Drama,200242
366,The Intern,2016,Comedy,189786
367,Complete Unknown,2016,Drama,187145
369,The Masked Saint,2016,Action,182695
371,The 33,2016,Drama,178480
372,Viva,2016,Drama,178008
373,BÃ¸lgen,2016,Action,177404
375,Asura : The City of Madness,2016,Action,174501
376,"Jheronimus Bosch, Touched by the Devil",2016,Documentary,172533
377,Dilwale,2016,Romantic Comedy,166631
378,The Fits,2016,Drama,166425
379,De Palma,2016,Documentary,165237
380,Louder Than Bombs,2016,Drama,163808
382,Sunset Song,2016,Drama,159714
383,The Witness,2016,Documentary,158527
384,Howards End,2016,Drama,158317
385,Eva Hesse,2016,Documentary,157481
386,Generation Found,2016,Documentary,151751
387,The Night Before,2016,Comedy,150899
388,Kicks,2016,Adventure,150191
389,Hrutar,2016,Drama,149250
390,Michael Moore in TrumpLand,2016,Concert/Performance,149090
391,Touched With Fire,2016,Drama,146487
392,Seed: The Untold Story,2016,Documentary,145001
393,Krisha,2016,Drama,144822
394,Feng Shen Bang,2016,Action,143430
395,Janis: Little Girl Blue,2016,Documentary,141679
397,The Kind Words,2016,Drama,135382
398,Tumbledown,2016,Romantic Comedy,135026
399,Ism,2016,Action,134166
400,Requiem for the American Dream,2016,Documentary,130152
401,An,2016,Drama,124800
402,Gwi-Hyang,2016,Drama,123704
403,Krigen,2016,Drama,122902
404,The Ghouls,2016,Adventure,121914
405,Miss Sharon Jones,2016,Documentary,120880
406,Hockney,2016,Documentary,120745
407,Three,2016,Action,119550
408,Theeb,2016,Adventure,118320
409,Caged No More,2016,Thriller/Suspense,114959
410,La loi du marchÃ©,2016,Drama,112391
411,O Menino e o Mundo,2016,Adventure,111899
412,Ascenseur pour l'Ã©chafaud,2016,Drama,110193
413,Remember the Goal,2016,Drama,109815
415,Zero Days,2016,Documentary,109649
416,Love the Coopers,2016,Comedy,108974
417,Aferim!,2016,Black Comedy,108110
418,Against the Wild: Survive the Serengeti,2016,Adventure,107953
419,Campanadas a medianoche,2016,Comedy,107766
420,Yellow Day,2016,Adventure,107325
421,Por Siempre,2016,Drama,106833
422,Dekalog,2016,Drama,105764
423,Peggy Guggenheim: Art Addict,2016,Documentary,104844
424,Demon,2016,Horror,104039
425,Puerto Ricans in Paris,2016,Comedy,102890
426,Victor,2016,Drama,102384
427,Best Worst Thing That Ever Could Have Happened,2016,Documentary,102233
428,Il racconto dei racconti,2016,Drama,102186
429,Cameraperson,2016,Documentary,102033
431,Un tango mas,2016,Documentary,100086
432,V paprscÃ­ch slunce,2016,Documentary,99436
433,Rock On 2,2016,Musical,98868
434,Tower,2016,Drama,98814
435,Hitchcock/Truffaut,2016,Documentary,98108
436,Heart of a Dog,2016,Documentary,98070
437,Seondal: The Man who Sells the River,2016,Action,97223
439,So Young 2: Never Gone,2016,Drama,96421
440,Jag Ã¤r Ingrid,2016,Documentary,95767
442,Space Station,2016,Documentary,94440
443,New York New York,2016,Drama,92377
444,Other People,2016,Drama,91441
445,Morris from America,2016,Drama,91151
446,Chaharshanbe-soori,2016,Drama,90519
447,No One's Life Is Easy: So I Married an Anti-Fan,2016,Romantic Comedy,89408
448,"My Love, Don't Cross That River",2016,Documentary,88018
449,Sufat Chol,2016,Drama,86800
450,Author: The JT LeRoy Story,2016,Documentary,85999
451,Los sures,2016,Documentary,83992
452,Shan he gu ren,2016,Drama,82913
453,Cock and Bull,2016,Comedy,82778
454,A Street Cat Named Bob,2016,Drama,82703
455,Vita Activa: The Spirit of Hannah Arendt,2016,Documentary,82143
456,For the Love of Spock,2016,Documentary,80141
457,Chongtian Huo,2016,Action,78377
458,Colliding Dreams,2016,Documentary,78288
459,My Best Friend's Wedding,2016,Romantic Comedy,77043
460,Saala Khadoos,2016,Drama,76931
461,Don't Blink: Robert Frank,2016,Documentary,76134
463,Sword Master,2016,Action,75526
464,King Cobra,2016,Drama,74712
465,Les Cowboys,2016,Western,73725
466,Raiders! The Story of the Greatest Fan Film Ever Made,2016,Documentary,71916
467,The Congressman,2016,Drama,71451
468,Do Not Resist,2016,Documentary,71195
469,Norman Lear: Just Another Version of You,2016,Documentary,70950
470,The Messenger,2016,Documentary,67816
471,Tamjung Hong Gil-dong: Sarajin Ma-eul,2016,Action,67054
472,Max Rose,2016,Drama,66880
473,E gun tian shi,2016,Comedy,66588
474,Maze Runner: The Scorch Trials,2016,Thriller/Suspense,66490
476,Em La Ba Noi Cua Anh,2016,Comedy,65718
477,Sicario,2016,Thriller/Suspense,65326
478,Microbe et Gasoil,2016,Comedy,63802
479,Trapped,2016,Documentary,63240
480,El Rey Del Once,2016,Comedy,63201
481,Creative Control,2016,Drama,63014
482,Dancer,2016,Documentary,62578
483,The Dark Horse,2016,Drama,61505
484,Secret in Their Eyes,2016,Thriller/Suspense,61121
485,Daughters of the Dust,2016,Drama,60897
486,Too Late,2016,Drama,60438
487,Girl Asleep,2016,Drama,60289
488,Presenting Princess Shaw,2016,Documentary,60197
489,Siganitalga,2016,Action,58689
490,Command and Control,2016,Documentary,57635
491,The Daughter,2016,Drama,57502
492,The Fallen Idol,2016,Thriller/Suspense,56822
493,Hatuna MeNiyar,2016,Drama,56196
494,DONGJU; The Portrait of A Poet,2016,Drama,56184
495,L'attesa,2016,Drama,55804
496,The Lovers And The Despot,2016,Documentary,55511
497,Regression,2016,Thriller/Suspense,55039
498,Clown,2016,Horror,55007
499,Burnt,2016,Comedy,54991
500,Mon roi,2016,Drama,54114
2,Jurassic World,2015,Action,652270625
3,Avengers: Age of Ultron,2015,Action,459005868
4,Inside Out,2015,Adventure,356461711
5,Furious 7,2015,Action,353007020
6,American Sniper,2015,Drama,347897084
7,Minions,2015,Adventure,336045770
10,Cinderella,2015,Drama,201151353
12,Mission: Impossible-Rogue Nation,2015,Action,195042377
13,Pitch Perfect 2,2015,Comedy,184296230
14,Ant-Man,2015,Action,180202163
15,Home,2015,Adventure,177397510
17,Fifty Shades of Grey,2015,Drama,166167230
18,The SpongeBob Movie: Sponge Out of Water,2015,Adventure,162994032
19,Straight Outta Compton,2015,Drama,161197785
20,San Andreas,2015,Adventure,155190832
22,The Divergent Series: Insurgent,2015,Action,130179072
23,Kingsman: The Secret Service,2015,Action,128261724
26,Spy!,2015,Comedy,110825712
27,Trainwreck,2015,Comedy,110212700
30,Tomorrowland,2015,Adventure,93436322
31,Get Hard,2015,Comedy,90411453
32,Terminator: Genisys,2015,Action,89760956
33,Taken 3,2015,Action,89256424
35,Ted 2,2015,Comedy,81476385
37,Pixels,2015,Adventure,78765986
38,Paddington,2015,Adventure,76223578
40,Paul Blart: Mall Cop 2,2015,Adventure,71091594
42,War Room,2015,Drama,66628024
43,Magic Mike XXL,2015,Comedy,66013057
44,The Visit,2015,Thriller/Suspense,65206105
45,The Wedding Ringer,2015,Comedy,64460211
46,Black Mass,2015,Drama,62575678
47,The Imitation Game,2015,Drama,60653053
48,Vacation,2015,Comedy,58884188
49,The Perfect Guy,2015,Thriller/Suspense,57027435
50,Fantastic Four,2015,Action,56117548
52,Focus,2015,Romantic Comedy,53862963
53,Unbroken,2015,Drama,53371650
54,Southpaw,2015,Drama,52421953
55,Insidious Chapter 3,2015,Horror,52218558
56,Selma,2015,Drama,52076908
58,Jupiter Ascending,2015,Action,47482519
59,Poltergeist,2015,Horror,47425125
61,The Man From U.N.C.L.E.,2015,Action,45445109
62,"McFarland, USA",2015,Drama,44480275
63,Night at the Museum: Secret of the Tomb,2015,Adventure,44392039
64,The Gift,2015,Thriller/Suspense,43787265
65,Everest,2015,Thriller/Suspense,43482270
67,Max,2015,Adventure,42656255
68,The Age of Adaline,2015,Drama,42629776
70,The Longest Ride,2015,Drama,37446117
71,Into the Woods,2015,Musical,37130717
72,The Boy Next Door,2015,Thriller/Suspense,36006065
73,Pan,2015,Adventure,35057457
74,Hot Pursuit,2015,Comedy,34580201
75,The Hobbit: The Battle of the Five Armies,2015,Adventure,34517771
76,The DUFF,2015,Comedy,34030343
77,Woman in Gold,2015,Drama,33307793
78,The Second Best Exotic Marigold Hotel,2015,Comedy,33078266
80,Unfriended,2015,Horror,32789645
81,Entourage,2015,Comedy,32363404
82,Paper Towns,2015,Drama,32000304
83,Chappie,2015,Action,31569268
84,Crimson Peak,2015,Horror,31090320
85,A Walk in the Woods,2015,Adventure,29499394
87,Annie,2015,Musical,28959342
89,Sinister 2,2015,Horror,27740955
90,The Last Witch Hunter,2015,Action,27367660
91,No Escape,2015,Thriller/Suspense,27288872
93,Ricki and the Flash,2015,Drama,26839498
94,Run All Night,2015,Action,26461644
96,The Lazarus Effect,2015,Horror,25801570
97,Ex Machina,2015,Thriller/Suspense,25440971
99,The Gallows,2015,Horror,22764410
100,Hitman: Agent 47,2015,Action,22467450
101,Project Almanac,2015,Adventure,22348241
102,Black or White,2015,Drama,21571189
103,Aloha,2015,Drama,21052030
106,Shaun the Sheep,2015,Adventure,19375982
107,Still Alice,2015,Drama,18656400
108,Paranormal Activity: The Ghost Dimension,2015,Horror,18297124
109,Wild,2015,Drama,18137709
110,Birdman or (The Unexpected Virtue of Ignorance),2015,Black Comedy,18067553
111,Steve Jobs,2015,Drama,17766658
112,Mr. Holmes,2015,Drama,17737646
113,Seventh Son,2015,Adventure,17725785
115,Monkey Kingdom,2015,Documentary,16432322
116,The Transporter Refueled,2015,Action,16029670
118,It Follows,2015,Horror,14674077
119,American Ultra,2015,Black Comedy,14439985
120,Woodlawn,2015,Drama,14380599
122,The Hunger Games: Mockingjay - Part 1,2015,Thriller/Suspense,13401383
123,Do You Believe?,2015,Drama,12985600
124,Love & Mercy,2015,Drama,12551031
125,Strange Magic,2015,Adventure,12429583
126,Hot Tub Time Machine 2,2015,Comedy,12314651
127,Self/Less,2015,Thriller/Suspense,12279691
128,Far from the Madding Crowd,2015,Drama,12236500
129,Back to the Future,2015,Adventure,12127168
131,The Woman in Black 2: Angel of Death,2015,Horror,11473908
132,Big Hero 6,2015,Adventure,11320792
133,The Theory of Everything,2015,Drama,11121187
134,The Gunman,2015,Thriller/Suspense,10664749
135,Unfinished Business,2015,Comedy,10219501
136,The Walk,2015,Drama,10161183
137,Penguins of Madagascar,2015,Adventure,9322689
138,Exodus: Gods and Kings,2015,Drama,9287173
139,Un gallo con muchos huevos,2015,Adventure,9080818
140,Amy,2015,Documentary,8409616
141,Bajrangi Bhaijaan,2015,Action,8178001
142,Doragon bÃ´ru Z: Fukkatsu no 'F',2015,Action,8008363
143,Blackhat,2015,Thriller/Suspense,8005980
144,Mortdecai,2015,Adventure,7696134
145,While We're Young,2015,Comedy,7582065
146,I'll See You in My Dreams,2015,Romantic Comedy,7449681
147,The Green Inferno,2015,Horror,7192291
148,Whiplash,2015,Drama,7190389
150,Our Brand is Crisis,2015,Drama,7002261
151,Grandma,2015,Comedy,6928220
152,Me and Earl and the Dying Girl,2015,Drama,6758416
153,Baahubali: The Beginning,2015,Action,6738000
154,Inherent Vice,2015,Drama,6647997
155,Little Boy,2015,Drama,6485961
156,The Gambler,2015,Drama,6074726
158,The Loft,2015,Thriller/Suspense,6002684
160,Victor Frankenstein,2015,Thriller/Suspense,5775076
161,Danny Collins,2015,Comedy,5637066
162,A Most Violent Year,2015,Drama,5463088
163,Interstellar,2015,Adventure,5215800
166,90 Minutes in Heaven,2015,Drama,4816142
167,True Story,2015,Drama,4719695
169,Suffragette,2015,Drama,4668603
170,Big Eyes,2015,Drama,4558006
171,Prem Ratan Dhan Payo,2015,Drama,4364639
172,The Water Diviner,2015,Drama,4200117
173,Foxcatcher,2015,Drama,4153511
175,Irrational Man,2015,Comedy,4030360
176,Scouts Guide to the Zombie Apocalypse,2015,Comedy,3703046
177,A La Mala,2015,Romantic Comedy,3629842
178,Spare Parts,2015,Drama,3618912
179,We Are Your Friends,2015,Drama,3591417
180,Mommy,2015,Drama,3498695
181,What We Do in the Shadows,2015,Comedy,3469224
182,Learning to Drive,2015,Drama,3447633
184,Phoenix,2015,Drama,3166858
185,Relatos salvajes,2015,Comedy,3107072
186,Dil Dhadakne Do,2015,Drama,3066100
187,Ladrones,2015,Comedy,3063505
188,Tanu Weds Manu Returns,2015,Comedy,3043479
189,Rock the Kasbah,2015,Comedy,3020665
190,Mr. Turner,2015,Drama,2995728
191,He Named Me Malala,2015,Documentary,2668936
192,Chi-raq,2015,Drama,2601330
193,Captive,2015,Drama,2583301
194,The Interview,2015,Comedy,2552397
195,Truth,2015,Thriller/Suspense,2517245
196,Mistress America,2015,Comedy,2500431
197,Pawn Sacrifice,2015,Drama,2436308
198,2015 Oscar Shorts,2015,Multiple Genres,2412493
199,Meru,2015,Documentary,2334228
200,My All-American,2015,Drama,2246000
201,Gukjesijang,2015,Drama,2209071
202,Jem and the Holograms,2015,Musical,2184640
203,Roar,2015,Adventure,2110050
204,Tamasha,2015,Comedy,2065487
206,Cake,2015,Drama,1951776
207,Old Fashioned,2015,Drama,1914090
208,Assassination,2015,Thriller/Suspense,1904682
209,Game of Thrones: The IMAX Experience,2015,Drama,1896092
210,Journey to the South Pacific,2015,Documentary,1852230
211,Legend,2015,Thriller/Suspense,1852124
212,Clouds of Sils Maria,2015,Drama,1841555
213,Testament of Youth,2015,Drama,1822250
214,Piku,2015,Drama,1801806
215,The Vatican Tapes,2015,Horror,1784763
216,Jerusalem,2015,Documentary,1715647
217,Meet the Patels,2015,Documentary,1700680
218,AstÃ©rix: Le domaine des dieux,2015,Adventure,1656287
219,The Letters,2015,Drama,1632464
220,Top Five,2015,Comedy,1577054
221,Gone Girl,2015,Thriller/Suspense,1569606
222,The Diary of a Teenage Girl,2015,Drama,1477002
223,Infinitely Polar Bear,2015,Comedy,1430655
224,99 Homes,2015,Drama,1411927
225,Welcome Back,2015,Comedy,1388365
226,Horrible Bosses 2,2015,Comedy,1381888
227,The Cokeville Miracle,2015,Drama,1348630
228,Dumb and Dumber To,2015,Comedy,1344290
229,The Salt of the Earth,2015,Documentary,1343349
230,"Deux jours, une nuit",2015,Drama,1312980
231,Iris,2015,Documentary,1310678
232,Gang jiong,2015,Comedy,1302281
233,The Wolfpack,2015,Documentary,1301696
235,Xia Luo Te Fan Nao,2015,Romantic Comedy,1289195
236,'71,2015,Thriller/Suspense,1270847
237,Beyond the Mask,2015,Action,1236094
238,Child 44,2015,Thriller/Suspense,1224330
239,"Ich seh, Ich seh",2015,Horror,1178196
240,Black Sea,2015,Thriller/Suspense,1171559
241,Miss You Already,2015,Comedy,1162653
242,Where Hope Grows,2015,Drama,1156000
243,Veteran,2015,Action,1155652
244,The Met: Live in HD - Tannhauser,2015,Concert/Performance,1150000
246,The Overnight,2015,Comedy,1109808
247,Boyhood,2015,Drama,1080207
248,Timbuktu,2015,Drama,1076075
250,Dior and I,2015,Documentary,1028953
251,5 Flights Up,2015,Drama,1020921
252,Big Stone Gap,2015,Romantic Comedy,1009984
253,Faith of Our Fathers,2015,Drama,1004105
254,Gett: The Trial of Viviane Amsalem,2015,Drama,988150
255,Leviafan,2015,Drama,952439
256,"Alexander and the Terrible, Horrible, No Good, Very Bad Day",2015,Adventure,921486
257,Singh Is Bliing,2015,Action,919095
259,Best of Enemies,2015,Documentary,892802
260,ABCD 2,2015,Drama,892133
263,HundraÃ¥ringen som klev ut genom fÃ¶nstret och fÃ¶rsvann,2015,Comedy,844463
264,The Book of Life,2015,Adventure,829187
265,Sleeping with Other People,2015,Romantic Comedy,814775
266,The Wrecking Crew,2015,Documentary,801606
267,Song of the Sea,2015,Adventure,791679
268,Im Labyrinth des Schweigens,2015,Drama,763736
269,Once I Was a Beehive,2015,Drama,731549
270,Seymour: An Introduction,2015,Documentary,729744
271,P.K.,2015,Comedy,719981
272,Cartel Land,2015,Documentary,704352
273,Tangerine,2015,Comedy,702354
274,Red Army,2015,Documentary,694647
275,The D Train,2015,Comedy,669688
276,St. Vincent,2015,Comedy,659466
277,Brothers,2015,Action,656688
278,The Stanford Prison Experiment,2015,Drama,649690
279,CÃ¬kÃ¨ NiÃ¨ YinniÃ¡ng,2015,Drama,632542
280,Welcome to Me,2015,Comedy,625727
281,"Kumiko, The Treasure Hunter",2015,Drama,623383
283,Fury,2015,Drama,573567
284,Omoide no Mani,2015,Drama,565042
285,Jimmy's Hall,2015,Drama,560341
286,A Little Chaos,2015,Drama,558173
287,Freeheld,2015,Drama,546201
288,By the Sea,2015,Drama,538460
289,CitizenFour,2015,Documentary,537661
290,Shaandaar,2015,Comedy,521794
291,The Black Panthers: Vanguard of the Revolution,2015,Documentary,516893
292,Awake: The Life of Yogananda,2015,Documentary,509752
293,Deli Man: The Movie,2015,Documentary,502294
294,Remember,2015,Thriller/Suspense,501931
295,Steve Jobs: The Man in the Machine,2015,Documentary,494506
296,Phantom,2015,Action,489984
297,The Last: Naruto the Movie,2015,Action,483795
298,You yi ge di fang zhi you wo men zhi dao,2015,Drama,482013
299,Brotherly Love,2015,Drama,478595
300,Darbareye Elly,2015,Drama,470346
301,Zan men jie hun ba,2015,Romantic Comedy,461996
302,Bombay Velvet,2015,Drama,450692
303,Felix et Meira,2015,Drama,447353
304,The Third Man,2015,Thriller/Suspense,437795
305,Saint Laurent,2015,Drama,429477
307,Rosenwald,2015,Documentary,426891
308,Listen to Me Marlon,2015,Documentary,426130
309,Gemma Bovery,2015,Drama,425080
310,A Matter of Faith,2015,Drama,422588
311,Unbranded,2015,Documentary,410185
312,Wo shi zheng ren,2015,Thriller/Suspense,409644
313,Badlapur,2015,Thriller/Suspense,409166
314,The Hunting Ground,2015,Documentary,405917
315,Pather Panchali,2015,Drama,402723
316,Nightcrawler,2015,Thriller/Suspense,398032
317,Freetown,2015,Thriller/Suspense,397122
319,A Girl Walks Home Alone at Night,2015,Horror,385325
320,Gui lai,2015,Drama,377607
321,Que Horas Ela Volta?,2015,Drama,376976
322,She's Beautiful When She's Angry,2015,Documentary,374467
323,Boychoir,2015,Drama,366474
324,Katti Batti,2015,Romantic Comedy,364932
326,Maps to the Stars,2015,Black Comedy,350741
327,Noble,2015,Drama,347321
328,Talvar,2015,Drama,342428
329,Kahlil Gibran's The Prophet,2015,Adventure,340536
330,Detective Byomkesh Bakshy,2015,Drama,338637
331,Ballet 422,2015,Documentary,333554
332,N.L.L: Yeonpyeong Haejeon,2015,Drama,324719
333,Shamitabh,2015,Drama,324597
334,The Maze Runner,2015,Thriller/Suspense,323671
336,A Borrowed Identity,2015,Drama,319391
337,Good Kill,2015,Drama,317072
338,David and Goliath,2015,Drama,316117
339,Benpao Ba! Xiongdi,2015,Reality,309297
340,The Man in 3B,2015,Drama,291513
341,Taxi,2015,Documentary,291088
342,Above and Beyond,2015,Documentary,288751
343,Gun dan ba! Zhong liu jun,2015,Comedy,286639
344,Feher isten,2015,Drama,282358
345,L'homme qu'on aimait trop,2015,Drama,277528
346,Gabbar is Back,2015,Action,276429
348,Nh10,2015,Thriller/Suspense,262586
349,Boruto: Naruto the Movie,2015,Action,259028
350,Shingeki no kyojin,2015,Action,258794
352,Love,2015,Drama,249665
353,Shingeki no kyojin endo obu za wÃ¢rudo,2015,Action,243356
354,Adieu au langage,2015,Drama,240312
355,Carter High,2015,Drama,240214
356,Tevar,2015,Action,236002
357,Hamari Adhuri Kahani,2015,Drama,235361
359,Slow West,2015,Western,229094
360,A Royal Night Out,2015,Drama,228136
361,The Grand Budapest Hotel,2015,Comedy,225305
362,Jeremy Scott: The People's Designer,2015,Documentary,225000
363,En duva satt pÃ¥ en gren och funderade pÃ¥ tillvaron,2015,Comedy,222989
364,Pyaar Ka Punchnama 2,2015,Reality,222856
365,The Boxtrolls,2015,Adventure,218634
366,Chocolate City,2015,Drama,212662
367,Lang Tu Teng,2015,Adventure,212616
368,Peng ran xin dong,2015,Drama,212508
370,The Babadook,2015,Horror,208700
371,Dark Places,2015,Thriller/Suspense,208588
373,Heneral Luna,2015,Action,206040
374,Turist,2015,Drama,201327
375,Une nouvelle amie,2015,Thriller/Suspense,196284
376,Escobar: Paradise Lost,2015,Drama,195792
377,Merchants of Doubt,2015,Documentary,192362
378,La French,2015,Thriller/Suspense,190980
379,Beeba Boys,2015,Thriller/Suspense,189786
380,Shi gu,2015,Drama,188306
381,Stonewall,2015,Drama,187674
382,Maggie,2015,Drama,187112
384,Dope,2015,Comedy,185037
385,Lambert & Stamp,2015,Documentary,183320
386,3 coeurs,2015,Drama,182522
387,An Honest Liar,2015,Documentary,180590
388,The Young and Prodigious T.S. Spivet,2015,Adventure,176847
389,Serena,2015,Drama,176391
390,Mita Tova,2015,Black Comedy,172860
391,The Taking of Tiger Mountain,2015,Adventure,172343
392,All Things Must Pass,2015,Documentary,166872
393,The Equalizer,2015,Action,166112
394,Kis uykusu,2015,Drama,165520
395,Zhong Kui fu mo: Xue yao mo ling,2015,Action,165428
396,Time Out of Mind,2015,Drama,164849
398,C'est Si Bon,2015,Drama,164167
399,The Last Women Standing,2015,Drama,163406
400,After the Ball,2015,Romantic Comedy,161820
401,Il capitale umano,2015,Drama,158549
403,Hell & Back,2015,Adventure,157768
404,The Homesman,2015,Western,157192
405,Experimenter,2015,Drama,155575
406,Desert Dancer,2015,Drama,155271
407,"Guten Tag, Ramon",2015,Drama,154356
408,Samba,2015,Comedy,151530
409,Plemya,2015,Drama,150565
410,Forever Young,2015,Comedy,149761
411,The Last Five Years,2015,Musical,147299
412,Kurt Cobain: Montage Of Heck,2015,Documentary,140208
413,X+Y,2015,Drama,139511
414,5 to 7,2015,Romantic Comedy,137112
416,La Sapienza,2015,Drama,135392
417,Cop Car,2015,Thriller/Suspense,134552
418,Don't Think I've Forgotten: Cambodia's Lost Rock and Roll,2015,Documentary,133443
419,Manglehorn,2015,Drama,132270
420,Mississippi Grind,2015,Drama,130541
421,Yi ge ren de wu lin,2015,Action,129115
422,Boulevard,2015,Drama,126150
423,Ida,2015,Drama,122448
424,Z for Zachariah,2015,Thriller/Suspense,121461
425,Pei an dong ni du guo man chang sui yue,2015,Drama,119376
426,Digging for Fire,2015,Drama,119364
427,Guardians of the Galaxy,2015,Action,116854
428,Mandariinid,2015,Drama,114501
429,Road Hard,2015,Comedy,113169
430,John Wick,2015,Action,112512
431,She's Funny That Way,2015,Comedy,111993
432,Memories of the Sword,2015,Action,111071
433,The Look of Silence,2015,Documentary,109089
434,Do I Sound Gay?,2015,Documentary,108620
435,The Beauty Inside,2015,Drama,108238
436,Adult Beginners,2015,Comedy,104808
437,Results,2015,Comedy,104507
438,Every Secret Thing,2015,Thriller/Suspense,103536
439,In Jackson Heights,2015,Documentary,102475
440,Beyond the Brick: A LEGO Brickumentary,2015,Documentary,101531
441,James White,2015,Drama,101368
442,KÃ´kaku KidÃ´tai,2015,Action,101203
443,Anime nere,2015,Drama,100725
444,I Am Eleven,2015,Documentary,98057
445,A Ballerina's Tale,2015,Documentary,96900
446,1915,2015,Drama,96682
447,A Poem Is a Naked Person,2015,Documentary,96592
448,Man from Reno,2015,Thriller/Suspense,92918
449,Jie jiu wu xian sheng,2015,Action,92696
450,Tales of Hoffmann,2015,Musical,91930
451,Christmas Eve,2015,Comedy,91302
452,Beasts of No Nation,2015,Drama,90777
453,Sunshine Superman,2015,Documentary,88097
454,Queen of Earth,2015,Drama,86616
455,Hero,2015,Drama,84961
456,The End of the Tour,2015,Drama,83196
457,Trace Amounts,2015,Documentary,80735
458,Heaven Knows What,2015,Drama,80312
459,Nasty Baby,2015,Drama,79800
460,Blackbird,2015,Drama,78400
461,Tab Hunter Confidential,2015,Documentary,78323
462,Batkid Begins,2015,Documentary,74709
463,Tian jiang xiong shi,2015,Action,74070
464,Six Dance Lessons in Six Weeks,2015,Comedy,73899
465,The Principle,2015,Reality,72717
466,Backcountry,2015,Thriller/Suspense,71191
467,Freaks of Nature,2015,Black Comedy,70958
468,Le meraviglie,2015,Drama,70805
469,I Am Big Bird: The Caroll Spinney Story,2015,Documentary,67845
471,Eden,2015,Drama,65460
472,National Gallery,2015,Documentary,64597
474,Hua Li Shang Ban Zou,2015,Musical,63029
475,Drunk Stoned Brilliant Dead The Story of the National Lampoon,2015,Documentary,62684
476,Only You,2015,Romantic Comedy,61565
477,Dark Star: H.R. Giger's World,2015,Documentary,61303
478,Bande de filles,2015,Drama,60765
479,The Pyramid,2015,Horror,60598
480,GÃ¼eros,2015,Comedy,60171
481,Cooties,2015,Black Comedy,60058
482,I Smile Back,2015,Drama,58738
483,Jauja,2015,Drama,58403
484,Du rififi chez les hommes,2015,Thriller/Suspense,57749
485,Brian Wilson: I Just Wasn't Made for These Times,2015,Documentary,56744
486,The Duke of Burgundy,2015,Drama,56657
487,The Judge,2015,Drama,56282
488,Antarctica: A Year on Ice,2015,Documentary,54710
489,Die geliebten Schwestern,2015,Drama,54064
490,Beyond the Lights,2015,Drama,54018
491,Shao nian ban,2015,Comedy,53252
492,Aloft,2015,Drama,53086
493,The Quay Brothers in 35MM,2015,Documentary,51858
494,Loreak,2015,Drama,51238
495,We Come as Friends,2015,Documentary,50921
496,The Yes Men Are Revolting,2015,Documentary,50190
497,Heist,2015,Thriller/Suspense,50136
498,Spring,2015,Horror,49970
499,Difret,2015,Drama,49667
500,Red Herring,2015,Drama,49480
